img_filename,x,y
Dataset/1751743551.jpg,0.0846666666666666,0.8821428571428571
Dataset/1751743552.jpg,0.4033333333333333,0.7976190476190477
Dataset/1751743553.jpg,0.4613333333333333,0.35
Dataset/1751743554.jpg,0.3513333333333333,0.3952380952380952
Dataset/1751743555.jpg,0.2673333333333333,0.7154761904761905
Dataset/1751743556.jpg,0.6626666666666666,0.4845238095238095
Dataset/1751743557.jpg,0.7113333333333334,0.1047619047619047
Dataset/1751743558.jpg,0.268,0.7142857142857143
Dataset/1751743559.jpg,0.7653333333333333,0.6714285714285714
Dataset/1751743560.jpg,0.2626666666666666,0.3130952380952381
Dataset/1751743561.jpg,0.7506666666666667,0.3642857142857142
Dataset/1751743562.jpg,0.1813333333333333,0.6428571428571429
Dataset/1751743563.jpg,0.9173333333333332,0.8369047619047619
Dataset/1751743564.jpg,0.9866666666666668,0.3321428571428571
Dataset/1751743565.jpg,0.492,0.9392857142857144
Dataset/1751743566.jpg,0.9166666666666666,0.6345238095238095
Dataset/1751743567.jpg,0.6453333333333333,0.3809523809523809
Dataset/1751743568.jpg,0.7606666666666667,0.6619047619047619
Dataset/1751743569.jpg,0.106,0.6547619047619048
Dataset/1751743570.jpg,0.8793333333333333,0.905952380952381
Dataset/1751743571.jpg,0.8033333333333333,0.5928571428571429
Dataset/1751743572.jpg,0.3166666666666666,0.344047619047619
Dataset/1751743573.jpg,0.5453333333333333,0.9583333333333334
Dataset/1751743574.jpg,0.7213333333333334,0.1428571428571428
Dataset/1751743575.jpg,0.7366666666666667,0.2511904761904762
Dataset/1751743576.jpg,0.0406666666666666,0.1107142857142857
Dataset/1751743577.jpg,0.6866666666666666,0.7154761904761905
Dataset/1751743578.jpg,0.1573333333333333,0.7
Dataset/1751743579.jpg,0.402,0.225
Dataset/1751743580.jpg,0.572,0.7297619047619047
Dataset/1751743581.jpg,0.3286666666666666,0.8142857142857143
Dataset/1751743582.jpg,0.5386666666666666,0.1321428571428571
Dataset/1751743583.jpg,0.37,0.0238095238095238
Dataset/1751743584.jpg,0.538,0.611904761904762
Dataset/1751743585.jpg,0.9686666666666668,0.1357142857142857
Dataset/1751743586.jpg,0.8613333333333333,0.8642857142857143
Dataset/1751743587.jpg,0.1993333333333333,0.1773809523809524
Dataset/1751743588.jpg,0.2406666666666666,0.5261904761904762
Dataset/1751743589.jpg,0.5853333333333334,0.1523809523809524
Dataset/1751743590.jpg,0.516,0.3345238095238095
Dataset/1751743591.jpg,0.7866666666666666,0.9535714285714286
Dataset/1751743592.jpg,0.2413333333333333,0.6845238095238095
Dataset/1751743593.jpg,0.4293333333333333,0.3369047619047619
Dataset/1751743594.jpg,0.794,0.6976190476190476
Dataset/1751743595.jpg,0.856,0.069047619047619
Dataset/1751743596.jpg,0.7853333333333333,0.1285714285714285
Dataset/1751743597.jpg,0.4946666666666666,0.2392857142857143
Dataset/1751743598.jpg,0.4633333333333333,0.7928571428571428
Dataset/1751743599.jpg,0.6573333333333333,0.530952380952381
Dataset/1751743600.jpg,0.456,0.7785714285714286
Dataset/1751743601.jpg,0.6193333333333333,0.3666666666666666
Dataset/1751743602.jpg,0.6126666666666667,0.1214285714285714
Dataset/1751743603.jpg,0.4386666666666666,0.1154761904761904
Dataset/1751743604.jpg,0.3773333333333333,0.1571428571428571
Dataset/1751743605.jpg,0.7393333333333333,0.6952380952380952
Dataset/1751743606.jpg,0.7093333333333334,0.2285714285714285
Dataset/1751743607.jpg,0.652,0.4654761904761905
Dataset/1751743608.jpg,0.7653333333333333,0.7142857142857143
Dataset/1751743609.jpg,0.186,0.2238095238095238
Dataset/1751743610.jpg,0.976,0.7833333333333333
Dataset/1751743611.jpg,0.0713333333333333,0.7404761904761905
Dataset/1751743612.jpg,0.3206666666666666,0.7964285714285714
Dataset/1751743613.jpg,0.6573333333333333,0.7226190476190476
Dataset/1751743614.jpg,0.9693333333333334,0.6892857142857143
Dataset/1751743615.jpg,0.4373333333333333,0.65
Dataset/1751743616.jpg,0.9846666666666668,0.4488095238095238
Dataset/1751743617.jpg,0.538,0.6797619047619048
Dataset/1751743618.jpg,0.3173333333333333,0.8404761904761905
Dataset/1751743619.jpg,0.4806666666666667,0.9595238095238096
Dataset/1751743620.jpg,0.1473333333333333,0.2142857142857142
Dataset/1751743621.jpg,0.234,0.0357142857142857
Dataset/1751743622.jpg,0.1533333333333333,0.8714285714285714
Dataset/1751743623.jpg,0.522,0.6059523809523809
Dataset/1751743624.jpg,0.4686666666666667,0.2392857142857143
Dataset/1751743625.jpg,0.6366666666666667,0.8130952380952381
Dataset/1751743626.jpg,0.8993333333333333,0.394047619047619
Dataset/1751743627.jpg,0.378,0.6464285714285715
Dataset/1751743628.jpg,0.398,0.5404761904761904
Dataset/1751743629.jpg,0.5026666666666667,0.35
Dataset/1751743630.jpg,0.0513333333333333,0.6845238095238095
Dataset/1751743631.jpg,0.5573333333333333,0.4821428571428571
Dataset/1751743632.jpg,0.6553333333333333,0.8595238095238096
Dataset/1751743633.jpg,0.7733333333333333,0.830952380952381
Dataset/1751743634.jpg,0.476,0.6178571428571429
Dataset/1751743635.jpg,0.6846666666666666,0.2452380952380952
Dataset/1751743636.jpg,0.4713333333333333,0.7595238095238095
Dataset/1751743637.jpg,0.3546666666666667,0.3309523809523809
Dataset/1751743638.jpg,0.6166666666666667,0.7285714285714285
Dataset/1751743639.jpg,0.4613333333333333,0.3535714285714286
Dataset/1751743640.jpg,0.516,0.6428571428571429
Dataset/1751743641.jpg,0.8426666666666667,0.4666666666666667
Dataset/1751743642.jpg,0.3186666666666666,0.0345238095238095
Dataset/1751743643.jpg,0.0393333333333333,0.3107142857142857
Dataset/1751743644.jpg,0.6733333333333333,0.3
Dataset/1751743645.jpg,0.602,0.9714285714285714
Dataset/1751743646.jpg,0.8286666666666667,0.4702380952380952
Dataset/1751743647.jpg,0.508,0.5178571428571429
Dataset/1751743648.jpg,0.6733333333333333,0.6619047619047619
Dataset/1751743649.jpg,0.9833333333333332,0.1488095238095238
Dataset/1751743650.jpg,0.672,0.1511904761904761
Dataset/1751743651.jpg,0.0773333333333333,0.4321428571428571
Dataset/1751743652.jpg,0.038,0.6083333333333333
Dataset/1751743653.jpg,0.6086666666666667,0.5059523809523809
Dataset/1751743654.jpg,0.2746666666666666,0.513095238095238
Dataset/1751743655.jpg,0.5413333333333333,0.513095238095238
Dataset/1751743656.jpg,0.2626666666666666,0.6190476190476191
Dataset/1751743657.jpg,0.7946666666666666,0.7619047619047619
Dataset/1751743658.jpg,0.9746666666666668,0.0773809523809523
Dataset/1751743659.jpg,0.374,0.3738095238095238
Dataset/1751743660.jpg,0.9646666666666668,0.1892857142857142
Dataset/1751743661.jpg,0.1266666666666666,0.4154761904761905
Dataset/1751743662.jpg,0.3773333333333333,0.5916666666666667
Dataset/1751743663.jpg,0.7226666666666667,0.175
Dataset/1751743664.jpg,0.946,0.2345238095238095
Dataset/1751743665.jpg,0.2086666666666666,0.6214285714285714
Dataset/1751743666.jpg,0.652,0.0464285714285714
Dataset/1751743667.jpg,0.4526666666666666,0.4630952380952381
Dataset/1751743668.jpg,0.5386666666666666,0.6142857142857143
Dataset/1751743669.jpg,0.2833333333333333,0.494047619047619
Dataset/1751743670.jpg,0.3246666666666666,0.6
Dataset/1751743782.jpg,0.6946666666666667,0.2654761904761905
Dataset/1751743783.jpg,0.0333333333333333,0.1321428571428571
Dataset/1751743784.jpg,0.2086666666666666,0.430952380952381
Dataset/1751743785.jpg,0.0793333333333333,0.1857142857142857
Dataset/1751743786.jpg,0.7333333333333333,0.5797619047619048
Dataset/1751743787.jpg,0.428,0.2416666666666666
Dataset/1751743788.jpg,0.7993333333333333,0.5464285714285714
Dataset/1751743789.jpg,0.3626666666666667,0.1214285714285714
Dataset/1751743790.jpg,0.8306666666666667,0.4035714285714286
Dataset/1751743791.jpg,0.9166666666666666,0.2761904761904762
Dataset/1751743792.jpg,0.5966666666666667,0.2654761904761905
Dataset/1751743793.jpg,0.674,0.6321428571428571
Dataset/1751743794.jpg,0.638,0.0833333333333333
Dataset/1751743795.jpg,0.5126666666666667,0.719047619047619
Dataset/1751743796.jpg,0.4133333333333333,0.4107142857142857
Dataset/1751743797.jpg,0.0366666666666666,0.3523809523809524
Dataset/1751743798.jpg,0.9013333333333332,0.936904761904762
Dataset/1751743799.jpg,0.3786666666666666,0.844047619047619
Dataset/1751743800.jpg,0.1433333333333333,0.2738095238095238
Dataset/1751743801.jpg,0.2206666666666666,0.2821428571428571
Dataset/1751743802.jpg,0.984,0.1773809523809524
Dataset/1751743803.jpg,0.816,0.705952380952381
Dataset/1751743804.jpg,0.6653333333333333,0.8523809523809524
Dataset/1751743805.jpg,0.282,0.2571428571428571
Dataset/1751743806.jpg,0.13,0.8702380952380953
Dataset/1751743807.jpg,0.614,0.8809523809523809
Dataset/1751743808.jpg,0.6973333333333334,0.1880952380952381
Dataset/1751743809.jpg,0.9746666666666668,0.1571428571428571
Dataset/1751743810.jpg,0.96,0.5357142857142857
Dataset/1751743811.jpg,0.4033333333333333,0.2595238095238095
Dataset/1751743812.jpg,0.1466666666666666,0.3857142857142857
Dataset/1751743813.jpg,0.5366666666666666,0.1035714285714285
Dataset/1751743814.jpg,0.162,0.569047619047619
Dataset/1751743815.jpg,0.2093333333333333,0.4714285714285714
Dataset/1751743816.jpg,0.1966666666666666,0.1345238095238095
Dataset/1751743817.jpg,0.2046666666666666,0.6178571428571429
Dataset/1751743818.jpg,0.6646666666666666,0.7738095238095238
Dataset/1751743819.jpg,0.932,0.4559523809523809
Dataset/1751743820.jpg,0.1446666666666666,0.6619047619047619
Dataset/1751743821.jpg,0.706,0.8773809523809524
Dataset/1751743822.jpg,0.1913333333333333,0.4202380952380952
Dataset/1751743823.jpg,0.976,0.3392857142857143
Dataset/1751743824.jpg,0.318,0.8654761904761905
Dataset/1751743825.jpg,0.6493333333333333,0.861904761904762
Dataset/1751743826.jpg,0.1433333333333333,0.3035714285714285
Dataset/1751743827.jpg,0.7086666666666667,0.8178571428571428
Dataset/1751743828.jpg,0.022,0.7964285714285714
Dataset/1751743829.jpg,0.2953333333333333,0.8464285714285714
Dataset/1751743830.jpg,0.0613333333333333,0.7035714285714286
Dataset/1751743831.jpg,0.886,0.8773809523809524
Dataset/1751743832.jpg,0.406,0.2202380952380952
Dataset/1751743833.jpg,0.1613333333333333,0.3345238095238095
Dataset/1751743834.jpg,0.8606666666666667,0.1404761904761904
Dataset/1751743835.jpg,0.94,0.6273809523809524
Dataset/1751743836.jpg,0.1333333333333333,0.5261904761904762
Dataset/1751743837.jpg,0.0753333333333333,0.930952380952381
Dataset/1751743838.jpg,0.1986666666666666,0.6416666666666667
Dataset/1751743839.jpg,0.4193333333333333,0.2797619047619047
Dataset/1751743840.jpg,0.484,0.7607142857142857
Dataset/1751743841.jpg,0.3853333333333333,0.3142857142857143
Dataset/1751743842.jpg,0.3633333333333333,0.4083333333333333
Dataset/1751743843.jpg,0.1533333333333333,0.7392857142857143
Dataset/1751743844.jpg,0.218,0.7988095238095239
Dataset/1751743845.jpg,0.856,0.5428571428571428
Dataset/1751743846.jpg,0.9113333333333332,0.5488095238095239
Dataset/1751743847.jpg,0.5666666666666667,0.0952380952380952
Dataset/1751743848.jpg,0.63,0.3559523809523809
Dataset/1751743849.jpg,0.5926666666666667,0.5190476190476191
Dataset/1751743850.jpg,0.1773333333333333,0.8130952380952381
Dataset/1751743851.jpg,0.33,0.3595238095238095
Dataset/1751743852.jpg,0.3053333333333333,0.2654761904761905
Dataset/1751743853.jpg,0.9173333333333332,0.3369047619047619
Dataset/1751743854.jpg,0.2606666666666666,0.2869047619047619
Dataset/1751743855.jpg,0.9813333333333332,0.9476190476190476
Dataset/1751743856.jpg,0.7913333333333333,0.830952380952381
Dataset/1751743857.jpg,0.4773333333333333,0.3738095238095238
Dataset/1751743858.jpg,0.5793333333333334,0.6476190476190476
Dataset/1751743859.jpg,0.5573333333333333,0.2059523809523809
Dataset/1751743860.jpg,0.5466666666666666,0.5142857142857142
Dataset/1751743861.jpg,0.812,0.7583333333333333
Dataset/1751743862.jpg,0.8386666666666667,0.6964285714285714
Dataset/1751743863.jpg,0.7413333333333333,0.1416666666666666
Dataset/1751743864.jpg,0.492,0.2595238095238095
Dataset/1751743865.jpg,0.7373333333333333,0.5321428571428571
Dataset/1751743866.jpg,0.9113333333333332,0.7214285714285714
Dataset/1751743867.jpg,0.546,0.2071428571428571
Dataset/1751743868.jpg,0.608,0.7607142857142857
Dataset/1751743869.jpg,0.688,0.4238095238095238
Dataset/1751743870.jpg,0.818,0.9202380952380952
Dataset/1751743871.jpg,0.53,0.8988095238095238
Dataset/1751743872.jpg,0.286,0.7309523809523809
Dataset/1751743873.jpg,0.6413333333333333,0.6178571428571429
Dataset/1751743874.jpg,0.2673333333333333,0.5226190476190476
Dataset/1751743875.jpg,0.7853333333333333,0.1035714285714285
Dataset/1751743876.jpg,0.1866666666666666,0.3523809523809524
Dataset/1751743877.jpg,0.4166666666666667,0.1309523809523809
Dataset/1751743878.jpg,0.226,0.6976190476190476
Dataset/1751743879.jpg,0.4346666666666666,0.8226190476190476
Dataset/1751743880.jpg,0.794,0.1547619047619047
Dataset/1751743881.jpg,0.314,0.5226190476190476
Dataset/1751743882.jpg,0.596,0.9226190476190476
Dataset/1751743883.jpg,0.4206666666666667,0.2726190476190476
Dataset/1751743884.jpg,0.868,0.7416666666666667
Dataset/1751743885.jpg,0.7593333333333333,0.3583333333333333
Dataset/1751743886.jpg,0.5913333333333334,0.7714285714285715
Dataset/1751743887.jpg,0.094,0.4083333333333333
Dataset/1751743888.jpg,0.6566666666666666,0.9488095238095238
Dataset/1751743889.jpg,0.1093333333333333,0.5428571428571428
Dataset/1751743890.jpg,0.208,0.2309523809523809
Dataset/1751743891.jpg,0.192,0.7392857142857143
Dataset/1751743892.jpg,0.6473333333333333,0.2654761904761905
Dataset/1751743893.jpg,0.1006666666666666,0.569047619047619
Dataset/1751743894.jpg,0.432,0.3023809523809523
Dataset/1751743895.jpg,0.3026666666666666,0.844047619047619
Dataset/1751743896.jpg,0.428,0.5869047619047619
Dataset/1751743897.jpg,0.4066666666666667,0.5
Dataset/1751743898.jpg,0.4566666666666666,0.4011904761904762
Dataset/1751743899.jpg,0.178,0.0761904761904762
Dataset/1751743900.jpg,0.9266666666666666,0.8130952380952381
Dataset/1751743901.jpg,0.682,0.2654761904761905
Dataset/1751743985.jpg,0.9733333333333334,0.5583333333333333
Dataset/1751743986.jpg,0.33,0.3464285714285714
Dataset/1751743987.jpg,0.27,0.2797619047619047
Dataset/1751743988.jpg,0.9166666666666666,0.736904761904762
Dataset/1751743989.jpg,0.3773333333333333,0.8154761904761905
Dataset/1751743990.jpg,0.6946666666666667,0.8773809523809524
Dataset/1751743991.jpg,0.8426666666666667,0.9083333333333332
Dataset/1751743992.jpg,0.6746666666666666,0.175
Dataset/1751743993.jpg,0.5833333333333334,0.2178571428571428
Dataset/1751743994.jpg,0.2213333333333333,0.05
Dataset/1751743995.jpg,0.728,0.3
Dataset/1751743996.jpg,0.0486666666666666,0.3988095238095238
Dataset/1751743997.jpg,0.742,0.8392857142857143
Dataset/1751743998.jpg,0.5406666666666666,0.7892857142857143
Dataset/1751743999.jpg,0.0466666666666666,0.3261904761904762
Dataset/1751744000.jpg,0.1886666666666666,0.4511904761904762
Dataset/1751744001.jpg,0.83,0.1285714285714285
Dataset/1751744002.jpg,0.0513333333333333,0.5452380952380952
Dataset/1751744003.jpg,0.136,0.3845238095238095
Dataset/1751744004.jpg,0.696,0.1023809523809523
Dataset/1751744005.jpg,0.9226666666666666,0.4238095238095238
Dataset/1751744006.jpg,0.7793333333333333,0.5226190476190476
Dataset/1751744007.jpg,0.4326666666666666,0.4880952380952381
Dataset/1751744008.jpg,0.3033333333333333,0.3761904761904762
Dataset/1751744009.jpg,0.4193333333333333,0.513095238095238
Dataset/1751744010.jpg,0.3186666666666666,0.0880952380952381
Dataset/1751744011.jpg,0.1346666666666666,0.1392857142857143
Dataset/1751744012.jpg,0.506,0.530952380952381
Dataset/1751744013.jpg,0.2486666666666666,0.8380952380952381
Dataset/1751744014.jpg,0.9733333333333334,0.5714285714285714
Dataset/1751744015.jpg,0.5126666666666667,0.1714285714285714
Dataset/1751744016.jpg,0.0486666666666666,0.5488095238095239
Dataset/1751744017.jpg,0.466,0.3154761904761904
Dataset/1751744018.jpg,0.506,0.6285714285714286
Dataset/1751744019.jpg,0.0906666666666666,0.7833333333333333
Dataset/1751744020.jpg,0.4926666666666666,0.6892857142857143
Dataset/1751744021.jpg,0.198,0.6238095238095238
Dataset/1751744022.jpg,0.0906666666666666,0.7095238095238096
Dataset/1751744023.jpg,0.2266666666666666,0.6904761904761905
Dataset/1751744024.jpg,0.648,0.7011904761904761
Dataset/1751744025.jpg,0.3793333333333333,0.7797619047619048
Dataset/1751744026.jpg,0.3986666666666666,0.2892857142857143
Dataset/1751744027.jpg,0.7493333333333333,0.7119047619047619
Dataset/1751744028.jpg,0.3493333333333333,0.0904761904761904
Dataset/1751744029.jpg,0.696,0.5297619047619048
Dataset/1751744030.jpg,0.266,0.6190476190476191
Dataset/1751744031.jpg,0.8946666666666667,0.1976190476190476
Dataset/1751744032.jpg,0.444,0.9428571428571428
Dataset/1751744033.jpg,0.566,0.594047619047619
Dataset/1751744034.jpg,0.58,0.6011904761904762
Dataset/1751744035.jpg,0.0926666666666666,0.819047619047619
Dataset/1751744036.jpg,0.1146666666666666,0.444047619047619
Dataset/1751744037.jpg,0.3886666666666666,0.7511904761904762
Dataset/1751744038.jpg,0.5206666666666667,0.7297619047619047
Dataset/1751744039.jpg,0.236,0.1083333333333333
Dataset/1751744040.jpg,0.9313333333333332,0.2785714285714286
Dataset/1751744041.jpg,0.7613333333333333,0.7464285714285714
Dataset/1751744042.jpg,0.964,0.8166666666666667
Dataset/1751744043.jpg,0.9046666666666666,0.961904761904762
Dataset/1751744044.jpg,0.5613333333333334,0.8642857142857143
Dataset/1751744045.jpg,0.412,0.35
Dataset/1751744046.jpg,0.276,0.4821428571428571
Dataset/1751744047.jpg,0.6206666666666667,0.844047619047619
Dataset/1751744048.jpg,0.0633333333333333,0.3809523809523809
Dataset/1751744049.jpg,0.142,0.4107142857142857
Dataset/1751744050.jpg,0.8786666666666667,0.5107142857142857
Dataset/1751744051.jpg,0.4633333333333333,0.8023809523809524
Dataset/1751744052.jpg,0.806,0.2261904761904762
Dataset/1751744053.jpg,0.2546666666666666,0.7523809523809524
Dataset/1751744054.jpg,0.9426666666666668,0.8869047619047619
Dataset/1751744055.jpg,0.15,0.9654761904761904
Dataset/1751744056.jpg,0.2153333333333333,0.680952380952381
Dataset/1751744057.jpg,0.828,0.8678571428571429
Dataset/1751744058.jpg,0.308,0.7047619047619048
Dataset/1751744059.jpg,0.73,0.65
Dataset/1751744060.jpg,0.5326666666666666,0.7880952380952381
Dataset/1751744061.jpg,0.25,0.2226190476190476
Dataset/1751744062.jpg,0.7493333333333333,0.6785714285714286
Dataset/1751744063.jpg,0.2346666666666666,0.6261904761904762
Dataset/1751744064.jpg,0.3106666666666666,0.1904761904761904
Dataset/1751744065.jpg,0.2113333333333333,0.075
Dataset/1751744066.jpg,0.1353333333333333,0.7392857142857143
Dataset/1751744067.jpg,0.6633333333333333,0.1023809523809523
Dataset/1751744068.jpg,0.6433333333333333,0.4678571428571428
Dataset/1751744069.jpg,0.812,0.5595238095238095
Dataset/1751744070.jpg,0.418,0.2809523809523809
Dataset/1751744071.jpg,0.6373333333333333,0.1952380952380952
Dataset/1751744072.jpg,0.422,0.2857142857142857
Dataset/1751744073.jpg,0.7,0.580952380952381
Dataset/1751744074.jpg,0.73,0.7273809523809524
Dataset/1751744075.jpg,0.0633333333333333,0.1345238095238095
Dataset/1751744076.jpg,0.016,0.2
Dataset/1751744077.jpg,0.064,0.269047619047619
Dataset/1751744078.jpg,0.7433333333333333,0.3345238095238095
Dataset/1751744079.jpg,0.958,0.4738095238095238
Dataset/1751744080.jpg,0.71,0.2488095238095238
Dataset/1751744081.jpg,0.0633333333333333,0.3380952380952381
Dataset/1751744082.jpg,0.3893333333333333,0.1083333333333333
Dataset/1751744083.jpg,0.5133333333333333,0.4869047619047619
Dataset/1751744084.jpg,0.0373333333333333,0.7976190476190477
Dataset/1751744085.jpg,0.6686666666666666,0.5630952380952381
Dataset/1751744086.jpg,0.726,0.9083333333333332
Dataset/1751744087.jpg,0.8526666666666667,0.925
Dataset/1751744088.jpg,0.8846666666666667,0.2071428571428571
Dataset/1751744089.jpg,0.2886666666666667,0.4464285714285714
Dataset/1751744090.jpg,0.09,0.2821428571428571
Dataset/1751744091.jpg,0.864,0.5226190476190476
Dataset/1751744092.jpg,0.408,0.3845238095238095
Dataset/1751744093.jpg,0.0506666666666666,0.5571428571428572
Dataset/1751744094.jpg,0.934,0.2833333333333333
Dataset/1751744095.jpg,0.38,0.5107142857142857
Dataset/1751744096.jpg,0.7153333333333334,0.805952380952381
Dataset/1751744097.jpg,0.648,0.3130952380952381
Dataset/1751744098.jpg,0.524,0.2928571428571428
Dataset/1751744099.jpg,0.8246666666666667,0.9345238095238096
Dataset/1751744100.jpg,0.9646666666666668,0.4297619047619048
Dataset/1751744101.jpg,0.1426666666666666,0.3738095238095238
Dataset/1751744102.jpg,0.7493333333333333,0.0285714285714285
Dataset/1751744103.jpg,0.8513333333333334,0.4738095238095238
Dataset/1751744104.jpg,0.0713333333333333,0.425
Dataset/1751746617.jpg,0.7693333333333333,0.911904761904762
Dataset/1751746618.jpg,0.946,0.2571428571428571
Dataset/1751746619.jpg,0.7773333333333333,0.1511904761904761
Dataset/1751746620.jpg,0.1866666666666666,0.0345238095238095
Dataset/1751746621.jpg,0.08,0.0595238095238095
Dataset/1751746622.jpg,0.87,0.5071428571428571
Dataset/1751746623.jpg,0.9753333333333334,0.5238095238095238
Dataset/1751746624.jpg,0.8366666666666667,0.7654761904761904
Dataset/1751746625.jpg,0.2606666666666666,0.2214285714285714
Dataset/1751746626.jpg,0.2753333333333333,0.4047619047619047
Dataset/1751746627.jpg,0.0393333333333333,0.3678571428571429
Dataset/1751746628.jpg,0.8953333333333333,0.1702380952380952
Dataset/1751746629.jpg,0.4226666666666667,0.319047619047619
Dataset/1751746630.jpg,0.1446666666666666,0.969047619047619
Dataset/1751746631.jpg,0.4393333333333333,0.2488095238095238
Dataset/1751746632.jpg,0.7386666666666667,0.6869047619047619
Dataset/1751746633.jpg,0.7873333333333333,0.1535714285714285
Dataset/1751746634.jpg,0.5846666666666667,0.3357142857142857
Dataset/1751746635.jpg,0.3926666666666666,0.7773809523809524
Dataset/1751746636.jpg,0.144,0.3595238095238095
Dataset/1751746637.jpg,0.9766666666666668,0.7928571428571428
Dataset/1751746638.jpg,0.0666666666666666,0.3380952380952381
Dataset/1751746639.jpg,0.3913333333333333,0.5619047619047619
Dataset/1751746640.jpg,0.816,0.6857142857142857
Dataset/1751746641.jpg,0.4833333333333333,0.305952380952381
Dataset/1751746642.jpg,0.842,0.9523809523809524
Dataset/1751746643.jpg,0.5273333333333333,0.5583333333333333
Dataset/1751746644.jpg,0.906,0.4952380952380952
Dataset/1751746645.jpg,0.7926666666666666,0.2738095238095238
Dataset/1751746646.jpg,0.2826666666666667,0.6261904761904762
Dataset/1751746647.jpg,0.0933333333333333,0.6416666666666667
Dataset/1751746648.jpg,0.6433333333333333,0.2523809523809524
Dataset/1751746649.jpg,0.928,0.7916666666666666
Dataset/1751746650.jpg,0.0193333333333333,0.5571428571428572
Dataset/1751746651.jpg,0.702,0.2202380952380952
Dataset/1751746652.jpg,0.1126666666666666,0.8630952380952381
Dataset/1751746653.jpg,0.5526666666666666,0.5404761904761904
Dataset/1751746654.jpg,0.3973333333333333,0.0392857142857142
Dataset/1751746655.jpg,0.5966666666666667,0.8964285714285715
Dataset/1751746656.jpg,0.6926666666666667,0.9083333333333332
Dataset/1751746657.jpg,0.372,0.625
Dataset/1751746658.jpg,0.2993333333333333,0.2619047619047619
Dataset/1751746659.jpg,0.3053333333333333,0.8238095238095238
Dataset/1751746660.jpg,0.732,0.8476190476190476
Dataset/1751746661.jpg,0.856,0.7523809523809524
Dataset/1751746662.jpg,0.4726666666666667,0.4880952380952381
Dataset/1751746663.jpg,0.5746666666666667,0.7214285714285714
Dataset/1751746664.jpg,0.1773333333333333,0.6095238095238096
Dataset/1751746665.jpg,0.232,0.7214285714285714
Dataset/1751746666.jpg,0.8333333333333334,0.6857142857142857
Dataset/1751746667.jpg,0.294,0.8428571428571429
Dataset/1751746668.jpg,0.5186666666666667,0.8
Dataset/1751746669.jpg,0.9353333333333332,0.1214285714285714
Dataset/1751746670.jpg,0.1706666666666666,0.9678571428571427
Dataset/1751746671.jpg,0.1893333333333333,0.4285714285714285
Dataset/1751746672.jpg,0.2266666666666666,0.444047619047619
Dataset/1751746673.jpg,0.5106666666666667,0.094047619047619
Dataset/1751746674.jpg,0.624,0.7857142857142857
Dataset/1751746675.jpg,0.1986666666666666,0.3869047619047619
Dataset/1751746676.jpg,0.5173333333333333,0.6404761904761904
Dataset/1751746677.jpg,0.814,0.805952380952381
Dataset/1751746678.jpg,0.0233333333333333,0.969047619047619
Dataset/1751746679.jpg,0.7433333333333333,0.9452380952380952
Dataset/1751746680.jpg,0.316,0.6273809523809524
Dataset/1751746681.jpg,0.1246666666666666,0.8452380952380952
Dataset/1751746682.jpg,0.0833333333333333,0.6083333333333333
Dataset/1751746683.jpg,0.6133333333333333,0.8392857142857143
Dataset/1751746684.jpg,0.1786666666666666,0.7547619047619047
Dataset/1751746685.jpg,0.1873333333333333,0.0309523809523809
Dataset/1751746686.jpg,0.3953333333333333,0.0821428571428571
Dataset/1751746687.jpg,0.642,0.6892857142857143
Dataset/1751746688.jpg,0.056,0.475
Dataset/1751746689.jpg,0.5193333333333333,0.1785714285714285
Dataset/1751746690.jpg,0.9633333333333334,0.4833333333333333
Dataset/1751746691.jpg,0.23,0.0511904761904761
Dataset/1751746692.jpg,0.2893333333333333,0.0238095238095238
Dataset/1751746693.jpg,0.65,0.6571428571428571
Dataset/1751746694.jpg,0.1266666666666666,0.2869047619047619
Dataset/1751746695.jpg,0.2786666666666667,0.0976190476190476
Dataset/1751746696.jpg,0.2706666666666666,0.1952380952380952
Dataset/1751746697.jpg,0.258,0.6238095238095238
Dataset/1751746698.jpg,0.94,0.9416666666666668
Dataset/1751746699.jpg,0.7633333333333333,0.3297619047619047
Dataset/1751746700.jpg,0.9006666666666666,0.794047619047619
Dataset/1751746701.jpg,0.4146666666666667,0.4964285714285714
Dataset/1751746702.jpg,0.8166666666666667,0.2476190476190476
Dataset/1751746703.jpg,0.688,0.0547619047619047
Dataset/1751746704.jpg,0.526,0.3178571428571428
Dataset/1751746705.jpg,0.54,0.4607142857142857
Dataset/1751746706.jpg,0.6506666666666666,0.4202380952380952
Dataset/1751746707.jpg,0.7766666666666666,0.2214285714285714
Dataset/1751746708.jpg,0.632,0.6107142857142858
Dataset/1751746709.jpg,0.4473333333333333,0.0583333333333333
Dataset/1751746710.jpg,0.082,0.6095238095238096
Dataset/1751746711.jpg,0.5633333333333334,0.6666666666666666
Dataset/1751746712.jpg,0.8073333333333333,0.625
Dataset/1751746713.jpg,0.4793333333333333,0.3333333333333333
Dataset/1751746714.jpg,0.0746666666666666,0.1523809523809524
Dataset/1751746715.jpg,0.8006666666666666,0.3904761904761905
Dataset/1751746716.jpg,0.378,0.5428571428571428
Dataset/1751746717.jpg,0.4026666666666667,0.1714285714285714
Dataset/1751746718.jpg,0.634,0.3119047619047619
Dataset/1751746719.jpg,0.948,0.9178571428571428
Dataset/1751746720.jpg,0.6426666666666667,0.4666666666666667
Dataset/1751746721.jpg,0.6546666666666666,0.1809523809523809
Dataset/1751746722.jpg,0.7966666666666666,0.4166666666666667
Dataset/1751746723.jpg,0.9633333333333334,0.7476190476190476
Dataset/1751746724.jpg,0.9493333333333334,0.8845238095238095
Dataset/1751746725.jpg,0.3026666666666666,0.6738095238095239
Dataset/1751746726.jpg,0.0286666666666666,0.0285714285714285
Dataset/1751746727.jpg,0.0153333333333333,0.9642857142857144
Dataset/1751746728.jpg,0.0366666666666666,0.7869047619047619
Dataset/1751746729.jpg,0.386,0.1928571428571428
Dataset/1751746730.jpg,0.7273333333333334,0.4
Dataset/1751746731.jpg,0.0413333333333333,0.905952380952381
Dataset/1751746732.jpg,0.2073333333333333,0.9416666666666668
Dataset/1751746733.jpg,0.8253333333333334,0.2321428571428571
Dataset/1751746734.jpg,0.17,0.3214285714285714
Dataset/1751746735.jpg,0.498,0.6238095238095238
Dataset/1751746736.jpg,0.888,0.0464285714285714
Dataset/1751747699.jpg,0.5686666666666667,0.044047619047619
Dataset/1751747700.jpg,0.7626666666666667,0.9654761904761904
Dataset/1751747701.jpg,0.294,0.6571428571428571
Dataset/1751747702.jpg,0.2866666666666667,0.0904761904761904
Dataset/1751747703.jpg,0.292,0.5273809523809524
Dataset/1751747704.jpg,0.8306666666666667,0.8154761904761905
Dataset/1751747705.jpg,0.778,0.1309523809523809
Dataset/1751747706.jpg,0.132,0.4452380952380952
Dataset/1751747707.jpg,0.2026666666666666,0.8678571428571429
Dataset/1751747708.jpg,0.178,0.9166666666666666
Dataset/1751747709.jpg,0.9666666666666668,0.7273809523809524
Dataset/1751747710.jpg,0.7253333333333334,0.0678571428571428
Dataset/1751747711.jpg,0.7686666666666667,0.4845238095238095
Dataset/1751747712.jpg,0.5773333333333334,0.3488095238095238
Dataset/1751747713.jpg,0.4813333333333333,0.3928571428571428
Dataset/1751747714.jpg,0.096,0.705952380952381
Dataset/1751747715.jpg,0.8566666666666667,0.0964285714285714
Dataset/1751747716.jpg,0.2773333333333333,0.6619047619047619
Dataset/1751747717.jpg,0.9706666666666668,0.7619047619047619
Dataset/1751747718.jpg,0.7393333333333333,0.7321428571428571
Dataset/1751747719.jpg,0.014,0.7761904761904762
Dataset/1751747720.jpg,0.47,0.8654761904761905
Dataset/1751747721.jpg,0.942,0.8559523809523809
Dataset/1751747722.jpg,0.288,0.8857142857142857
Dataset/1751747723.jpg,0.4346666666666666,0.0452380952380952
Dataset/1751747724.jpg,0.7973333333333333,0.1488095238095238
Dataset/1751747725.jpg,0.614,0.2047619047619047
Dataset/1751747726.jpg,0.1506666666666666,0.3142857142857143
Dataset/1751747727.jpg,0.8993333333333333,0.6285714285714286
Dataset/1751747728.jpg,0.452,0.3773809523809524
Dataset/1751747729.jpg,0.9453333333333334,0.175
Dataset/1751747730.jpg,0.4473333333333333,0.3285714285714285
Dataset/1751747731.jpg,0.7253333333333334,0.6428571428571429
Dataset/1751747732.jpg,0.09,0.669047619047619
Dataset/1751747733.jpg,0.4186666666666667,0.8380952380952381
Dataset/1751747734.jpg,0.3473333333333333,0.8285714285714286
Dataset/1751747735.jpg,0.5366666666666666,0.3119047619047619
Dataset/1751747736.jpg,0.214,0.6345238095238095
Dataset/1751747737.jpg,0.7753333333333333,0.6714285714285714
Dataset/1751747738.jpg,0.7653333333333333,0.344047619047619
Dataset/1751747739.jpg,0.4813333333333333,0.6535714285714286
Dataset/1751747740.jpg,0.1833333333333333,0.8226190476190476
Dataset/1751747741.jpg,0.6893333333333334,0.8547619047619047
Dataset/1751747742.jpg,0.3773333333333333,0.3809523809523809
Dataset/1751747743.jpg,0.9846666666666668,0.7178571428571429
Dataset/1751747744.jpg,0.802,0.0535714285714285
Dataset/1751747745.jpg,0.562,0.3011904761904762
Dataset/1751747746.jpg,0.8566666666666667,0.4964285714285714
Dataset/1751747747.jpg,0.8326666666666667,0.4738095238095238
Dataset/1751747748.jpg,0.268,0.719047619047619
Dataset/1751747749.jpg,0.0253333333333333,0.8297619047619048
Dataset/1751747750.jpg,0.56,0.4464285714285714
Dataset/1751747751.jpg,0.5333333333333333,0.5107142857142857
Dataset/1751747752.jpg,0.0546666666666666,0.6869047619047619
Dataset/1751747753.jpg,0.0453333333333333,0.4095238095238095
Dataset/1751747754.jpg,0.5526666666666666,0.655952380952381
Dataset/1751747755.jpg,0.4666666666666667,0.305952380952381
Dataset/1751747756.jpg,0.32,0.819047619047619
Dataset/1751747757.jpg,0.934,0.2892857142857143
Dataset/1751747758.jpg,0.332,0.1547619047619047
Dataset/1751747759.jpg,0.0586666666666666,0.0535714285714285
Dataset/1751747760.jpg,0.3673333333333333,0.1571428571428571
Dataset/1751747761.jpg,0.252,0.2297619047619047
Dataset/1751747762.jpg,0.116,0.7154761904761905
Dataset/1751747763.jpg,0.7993333333333333,0.5785714285714286
Dataset/1751747764.jpg,0.1186666666666666,0.3976190476190476
Dataset/1751747765.jpg,0.9153333333333332,0.7357142857142858
Dataset/1751747766.jpg,0.4273333333333333,0.4821428571428571
Dataset/1751747767.jpg,0.0273333333333333,0.975
Dataset/1751747768.jpg,0.0353333333333333,0.0833333333333333
Dataset/1751747769.jpg,0.06,0.394047619047619
Dataset/1751747770.jpg,0.2733333333333333,0.0488095238095238
Dataset/1751747771.jpg,0.5893333333333334,0.1047619047619047
Dataset/1751747772.jpg,0.708,0.3023809523809523
Dataset/1751747773.jpg,0.7973333333333333,0.7619047619047619
Dataset/1751747774.jpg,0.342,0.9392857142857144
Dataset/1751747775.jpg,0.0553333333333333,0.2416666666666666
Dataset/1751747776.jpg,0.8206666666666667,0.3595238095238095
Dataset/1751747777.jpg,0.9673333333333334,0.7119047619047619
Dataset/1751747778.jpg,0.5593333333333333,0.1666666666666666
Dataset/1751747779.jpg,0.822,0.9142857142857144
Dataset/1751747780.jpg,0.7866666666666666,0.4380952380952381
Dataset/1751747781.jpg,0.4613333333333333,0.0833333333333333
Dataset/1751747782.jpg,0.762,0.8178571428571428
Dataset/1751747783.jpg,0.282,0.9535714285714286
Dataset/1751747784.jpg,0.2606666666666666,0.975
Dataset/1751747785.jpg,0.2793333333333333,0.2166666666666666
Dataset/1751747786.jpg,0.5486666666666666,0.5773809523809523
Dataset/1751747787.jpg,0.256,0.2166666666666666
Dataset/1751747788.jpg,0.4386666666666666,0.288095238095238
Dataset/1751747789.jpg,0.648,0.6154761904761905
Dataset/1751747790.jpg,0.5853333333333334,0.3464285714285714
Dataset/1751747791.jpg,0.7466666666666667,0.955952380952381
Dataset/1751747792.jpg,0.074,0.3416666666666667
Dataset/1751747793.jpg,0.204,0.8547619047619047
Dataset/1751747794.jpg,0.494,0.3369047619047619
Dataset/1751747795.jpg,0.6486666666666666,0.3702380952380952
Dataset/1751747796.jpg,0.618,0.2511904761904762
Dataset/1751747797.jpg,0.5133333333333333,0.0619047619047619
Dataset/1751747798.jpg,0.114,0.5821428571428572
Dataset/1751747799.jpg,0.6706666666666666,0.7607142857142857
Dataset/1751747800.jpg,0.4993333333333333,0.4166666666666667
Dataset/1751747801.jpg,0.5573333333333333,0.375
Dataset/1751747802.jpg,0.5266666666666666,0.8964285714285715
Dataset/1751747803.jpg,0.4466666666666666,0.8297619047619048
Dataset/1751747804.jpg,0.916,0.2452380952380952
Dataset/1751747805.jpg,0.2126666666666666,0.8464285714285714
Dataset/1751747806.jpg,0.0893333333333333,0.9083333333333332
Dataset/1751747807.jpg,0.03,0.6630952380952381
Dataset/1751747808.jpg,0.1586666666666666,0.0547619047619047
Dataset/1751747809.jpg,0.1146666666666666,0.2035714285714285
Dataset/1751747810.jpg,0.794,0.1714285714285714
Dataset/1751747811.jpg,0.9853333333333332,0.4476190476190476
Dataset/1751747812.jpg,0.314,0.319047619047619
Dataset/1751747813.jpg,0.568,0.3595238095238095
Dataset/1751749414.jpg,0.1513333333333333,0.575
Dataset/1751749416.jpg,0.5126666666666667,0.6273809523809524
Dataset/1751749417.jpg,0.1873333333333333,0.575
Dataset/1751749418.jpg,0.3553333333333333,0.6392857142857142
Dataset/1751749419.jpg,0.7066666666666667,0.9666666666666668
Dataset/1751749420.jpg,0.3286666666666666,0.1333333333333333
Dataset/1751749421.jpg,0.0866666666666666,0.2976190476190476
Dataset/1751749422.jpg,0.648,0.8369047619047619
Dataset/1751749423.jpg,0.35,0.2047619047619047
Dataset/1751749424.jpg,0.4226666666666667,0.1821428571428571
Dataset/1751749425.jpg,0.1313333333333333,0.938095238095238
Dataset/1751749426.jpg,0.244,0.6011904761904762
Dataset/1751749427.jpg,0.442,0.7035714285714286
Dataset/1751749428.jpg,0.912,0.5964285714285714
Dataset/1751749429.jpg,0.2953333333333333,0.7011904761904761
Dataset/1751749430.jpg,0.954,0.5797619047619048
Dataset/1751749431.jpg,0.9753333333333334,0.2095238095238095
Dataset/1751749432.jpg,0.7793333333333333,0.7511904761904762
Dataset/1751749433.jpg,0.5733333333333334,0.425
Dataset/1751749434.jpg,0.31,0.8202380952380952
Dataset/1751749435.jpg,0.2606666666666666,0.7095238095238096
Dataset/1751749436.jpg,0.968,0.4952380952380952
Dataset/1751749437.jpg,0.7453333333333333,0.3035714285714285
Dataset/1751749438.jpg,0.476,0.9321428571428572
Dataset/1751749439.jpg,0.13,0.0535714285714285
Dataset/1751749440.jpg,0.3133333333333333,0.4369047619047619
Dataset/1751749441.jpg,0.1766666666666666,0.7761904761904762
Dataset/1751749442.jpg,0.3246666666666666,0.4773809523809524
Dataset/1751749443.jpg,0.3413333333333333,0.569047619047619
Dataset/1751749444.jpg,0.4953333333333333,0.1285714285714285
Dataset/1751749445.jpg,0.1886666666666666,0.1833333333333333
Dataset/1751749446.jpg,0.4893333333333333,0.7202380952380952
Dataset/1751749447.jpg,0.0186666666666666,0.0666666666666666
Dataset/1751749448.jpg,0.148,0.8940476190476191
Dataset/1751749549.jpg,0.7786666666666666,0.6476190476190476
Dataset/1751749550.jpg,0.478,0.4547619047619047
Dataset/1751749551.jpg,0.798,0.0392857142857142
Dataset/1751749552.jpg,0.2526666666666666,0.7273809523809524
Dataset/1751749553.jpg,0.612,0.525
Dataset/1751749554.jpg,0.348,0.0642857142857142
Dataset/1751749555.jpg,0.1466666666666666,0.0988095238095238
Dataset/1751749556.jpg,0.5526666666666666,0.4869047619047619
Dataset/1751749557.jpg,0.1266666666666666,0.6630952380952381
Dataset/1751749558.jpg,0.6106666666666667,0.2976190476190476
Dataset/1751749559.jpg,0.8966666666666666,0.763095238095238
Dataset/1751749560.jpg,0.69,0.3619047619047619
Dataset/1751749561.jpg,0.4346666666666666,0.1297619047619047
Dataset/1751749562.jpg,0.7353333333333333,0.8714285714285714
Dataset/1751749563.jpg,0.694,0.5726190476190476
Dataset/1751749564.jpg,0.5026666666666667,0.0726190476190476
Dataset/1751749565.jpg,0.1266666666666666,0.936904761904762
Dataset/1751749566.jpg,0.5946666666666667,0.4964285714285714
Dataset/1751749567.jpg,0.3806666666666666,0.2571428571428571
Dataset/1751749568.jpg,0.1993333333333333,0.6178571428571429
Dataset/1751749569.jpg,0.7713333333333333,0.2476190476190476
Dataset/1751749570.jpg,0.964,0.2083333333333333
Dataset/1751749571.jpg,0.6746666666666666,0.5369047619047619
Dataset/1751749572.jpg,0.852,0.305952380952381
Dataset/1751749573.jpg,0.07,0.6547619047619048
Dataset/1751749574.jpg,0.4673333333333333,0.6404761904761904
Dataset/1751749575.jpg,0.1453333333333333,0.3428571428571428
Dataset/1751749576.jpg,0.4126666666666667,0.7571428571428571
Dataset/1751749577.jpg,0.4966666666666666,0.5321428571428571
Dataset/1751749578.jpg,0.3173333333333333,0.8285714285714286
Dataset/1751809084.jpg,0.8153333333333334,0.7273809523809524
Dataset/1751809085.jpg,0.6426666666666667,0.4452380952380952
Dataset/1751809086.jpg,0.4786666666666667,0.7023809523809523
Dataset/1751809087.jpg,0.5606666666666666,0.2738095238095238
Dataset/1751809088.jpg,0.2186666666666666,0.6130952380952381
Dataset/1751809089.jpg,0.21,0.1857142857142857
Dataset/1751809090.jpg,0.0733333333333333,0.6595238095238095
Dataset/1751809091.jpg,0.8626666666666667,0.3261904761904762
Dataset/1751809092.jpg,0.63,0.6261904761904762
Dataset/1751809093.jpg,0.6946666666666667,0.9416666666666668
Dataset/1751809094.jpg,0.472,0.5119047619047619
Dataset/1751809095.jpg,0.6846666666666666,0.4964285714285714
Dataset/1751809096.jpg,0.5026666666666667,0.9142857142857144
Dataset/1751809097.jpg,0.816,0.6095238095238096
Dataset/1751809098.jpg,0.6993333333333334,0.9083333333333332
Dataset/1751809099.jpg,0.874,0.925
Dataset/1751809100.jpg,0.2886666666666667,0.7011904761904761
Dataset/1751809101.jpg,0.5586666666666666,0.2
Dataset/1751809102.jpg,0.8606666666666667,0.2035714285714285
Dataset/1751809103.jpg,0.554,0.1059523809523809
Dataset/1751809104.jpg,0.2633333333333333,0.5666666666666667
Dataset/1751809105.jpg,0.9353333333333332,0.119047619047619
Dataset/1751809106.jpg,0.5726666666666667,0.6797619047619048
Dataset/1751809107.jpg,0.0326666666666666,0.5059523809523809
Dataset/1751809108.jpg,0.1786666666666666,0.7142857142857143
Dataset/1751809109.jpg,0.684,0.0619047619047619
Dataset/1751809110.jpg,0.452,0.305952380952381
Dataset/1751809111.jpg,0.3593333333333333,0.5595238095238095
Dataset/1751809112.jpg,0.1886666666666666,0.8892857142857142
Dataset/1751809113.jpg,0.5193333333333333,0.3654761904761904
Dataset/1751809114.jpg,0.4806666666666667,0.8738095238095238
Dataset/1751809115.jpg,0.7426666666666667,0.6892857142857143
Dataset/1751809116.jpg,0.8033333333333333,0.7988095238095239
Dataset/1751809117.jpg,0.918,0.938095238095238
Dataset/1751809118.jpg,0.9653333333333334,0.3619047619047619
Dataset/1751809119.jpg,0.7253333333333334,0.7166666666666667
Dataset/1751809120.jpg,0.2893333333333333,0.5511904761904762
Dataset/1751809121.jpg,0.1306666666666666,0.8261904761904761
Dataset/1751809122.jpg,0.882,0.4559523809523809
Dataset/1751809123.jpg,0.448,0.6047619047619047
Dataset/1751809124.jpg,0.0906666666666666,0.830952380952381
Dataset/1751809125.jpg,0.29,0.938095238095238
Dataset/1751809126.jpg,0.51,0.625
Dataset/1751809127.jpg,0.41,0.7678571428571429
Dataset/1751809128.jpg,0.3286666666666666,0.7035714285714286
Dataset/1751809129.jpg,0.8073333333333333,0.4952380952380952
Dataset/1751809130.jpg,0.3166666666666666,0.144047619047619
Dataset/1751809131.jpg,0.3726666666666666,0.0976190476190476
Dataset/1751809132.jpg,0.8466666666666667,0.344047619047619
Dataset/1751809133.jpg,0.3693333333333333,0.319047619047619
Dataset/1751809134.jpg,0.2606666666666666,0.8785714285714286
Dataset/1751809135.jpg,0.9166666666666666,0.4785714285714286
Dataset/1751809136.jpg,0.626,0.5547619047619048
Dataset/1751809137.jpg,0.124,0.0845238095238095
Dataset/1751809138.jpg,0.9706666666666668,0.3523809523809524
Dataset/1751809139.jpg,0.5466666666666666,0.9726190476190476
Dataset/1751809140.jpg,0.342,0.1654761904761904
Dataset/1751809141.jpg,0.204,0.4952380952380952
Dataset/1751809142.jpg,0.162,0.7047619047619048
Dataset/1751809143.jpg,0.1473333333333333,0.3654761904761904
Dataset/1751809144.jpg,0.0333333333333333,0.4595238095238095
Dataset/1751809145.jpg,0.5193333333333333,0.8773809523809524
Dataset/1751809146.jpg,0.5366666666666666,0.6190476190476191
Dataset/1751809147.jpg,0.0753333333333333,0.7071428571428572
Dataset/1751809148.jpg,0.8133333333333334,0.0928571428571428
Dataset/1751809149.jpg,0.64,0.1988095238095238
Dataset/1751809150.jpg,0.114,0.3619047619047619
Dataset/1751809151.jpg,0.804,0.8595238095238096
Dataset/1751809152.jpg,0.2766666666666666,0.7571428571428571
Dataset/1751809153.jpg,0.88,0.8833333333333333
Dataset/1751809154.jpg,0.0353333333333333,0.3761904761904762
Dataset/1751809155.jpg,0.5586666666666666,0.4011904761904762
Dataset/1751809156.jpg,0.2486666666666666,0.4964285714285714
Dataset/1751809157.jpg,0.5513333333333333,0.936904761904762
Dataset/1751809158.jpg,0.2973333333333333,0.8833333333333333
Dataset/1751809159.jpg,0.9113333333333332,0.2142857142857142
Dataset/1751809160.jpg,0.3953333333333333,0.5797619047619048
Dataset/1751809161.jpg,0.9086666666666666,0.9714285714285714
Dataset/1751809162.jpg,0.0373333333333333,0.6976190476190476
Dataset/1751809163.jpg,0.958,0.2976190476190476
Dataset/1751809164.jpg,0.0766666666666666,0.5607142857142857
Dataset/1751809165.jpg,0.188,0.3488095238095238
Dataset/1751809166.jpg,0.568,0.4833333333333333
Dataset/1751809167.jpg,0.7913333333333333,0.9476190476190476
Dataset/1751809168.jpg,0.8933333333333333,0.0904761904761904
Dataset/1751809169.jpg,0.4406666666666666,0.6857142857142857
Dataset/1751809170.jpg,0.352,0.3428571428571428
Dataset/1751809171.jpg,0.1746666666666666,0.3916666666666666
Dataset/1751809172.jpg,0.828,0.6178571428571429
Dataset/1751809173.jpg,0.088,0.319047619047619
Dataset/1751809174.jpg,0.144,0.3035714285714285
Dataset/1751809175.jpg,0.8586666666666667,0.1642857142857142
Dataset/1751809176.jpg,0.4306666666666666,0.7952380952380952
Dataset/1751809177.jpg,0.2173333333333333,0.8321428571428572
Dataset/1751809178.jpg,0.4206666666666667,0.3702380952380952
Dataset/1751809179.jpg,0.6113333333333333,0.905952380952381
Dataset/1751809180.jpg,0.0853333333333333,0.9202380952380952
Dataset/1751809181.jpg,0.856,0.2214285714285714
Dataset/1751809182.jpg,0.83,0.0571428571428571
Dataset/1751809183.jpg,0.3926666666666666,0.8571428571428571
Dataset/1751809184.jpg,0.2926666666666667,0.169047619047619
Dataset/1751809185.jpg,0.1233333333333333,0.0988095238095238
Dataset/1751809186.jpg,0.7473333333333333,0.2273809523809523
Dataset/1751809187.jpg,0.7553333333333333,0.680952380952381
Dataset/1751809188.jpg,0.0226666666666666,0.4511904761904762
Dataset/1751809189.jpg,0.6526666666666666,0.6285714285714286
Dataset/1751809190.jpg,0.7353333333333333,0.594047619047619
Dataset/1751809191.jpg,0.4986666666666666,0.6178571428571429
Dataset/1751809192.jpg,0.322,0.7523809523809524
Dataset/1751809193.jpg,0.5553333333333333,0.2107142857142857
Dataset/1751809194.jpg,0.7573333333333333,0.8952380952380953
Dataset/1751809195.jpg,0.294,0.6619047619047619
Dataset/1751809196.jpg,0.608,0.9345238095238096
Dataset/1751809197.jpg,0.0526666666666666,0.3333333333333333
Dataset/1751809198.jpg,0.1133333333333333,0.5595238095238095
Dataset/1751809199.jpg,0.9426666666666668,0.9726190476190476
Dataset/1751809200.jpg,0.716,0.780952380952381
Dataset/1751809201.jpg,0.222,0.5321428571428571
Dataset/1751809202.jpg,0.298,0.611904761904762
Dataset/1751809203.jpg,0.3886666666666666,0.3488095238095238
Dataset/1751809400.jpg,0.8033333333333333,0.5416666666666666
Dataset/1751809401.jpg,0.342,0.4023809523809524
Dataset/1751809402.jpg,0.3326666666666666,0.5976190476190476
Dataset/1751809403.jpg,0.618,0.580952380952381
Dataset/1751809404.jpg,0.2086666666666666,0.0261904761904761
Dataset/1751809405.jpg,0.1733333333333333,0.9273809523809524
Dataset/1751809406.jpg,0.9193333333333332,0.4
Dataset/1751809407.jpg,0.3253333333333333,0.1285714285714285
Dataset/1751809408.jpg,0.2573333333333333,0.9392857142857144
Dataset/1751809409.jpg,0.6026666666666667,0.305952380952381
Dataset/1751809410.jpg,0.6173333333333333,0.7130952380952381
Dataset/1751809411.jpg,0.076,0.0904761904761904
Dataset/1751809412.jpg,0.4293333333333333,0.844047619047619
Dataset/1751809413.jpg,0.3473333333333333,0.675
Dataset/1751809414.jpg,0.18,0.1416666666666666
Dataset/1751809415.jpg,0.9653333333333334,0.3619047619047619
Dataset/1751809416.jpg,0.86,0.7083333333333334
Dataset/1751809417.jpg,0.5273333333333333,0.4321428571428571
Dataset/1751809418.jpg,0.1246666666666666,0.669047619047619
Dataset/1751809419.jpg,0.882,0.7892857142857143
Dataset/1751809420.jpg,0.436,0.3785714285714285
Dataset/1751809421.jpg,0.5433333333333333,0.369047619047619
Dataset/1751809422.jpg,0.976,0.8654761904761905
Dataset/1751809423.jpg,0.504,0.3726190476190476
Dataset/1751809424.jpg,0.9493333333333334,0.1666666666666666
Dataset/1751809425.jpg,0.096,0.5035714285714286
Dataset/1751809426.jpg,0.8746666666666667,0.3619047619047619
Dataset/1751809427.jpg,0.234,0.2535714285714285
Dataset/1751809428.jpg,0.7773333333333333,0.2238095238095238
Dataset/1751809429.jpg,0.18,0.763095238095238
Dataset/1751809430.jpg,0.5566666666666666,0.8571428571428571
Dataset/1751809431.jpg,0.4213333333333333,0.8547619047619047
Dataset/1751809432.jpg,0.662,0.7154761904761905
Dataset/1751809433.jpg,0.2906666666666667,0.8345238095238096
Dataset/1751809434.jpg,0.1406666666666666,0.1630952380952381
Dataset/1751809435.jpg,0.9133333333333332,0.7488095238095238
Dataset/1751809436.jpg,0.9133333333333332,0.9166666666666666
Dataset/1751809437.jpg,0.644,0.3773809523809524
Dataset/1751809438.jpg,0.912,0.1202380952380952
Dataset/1751809439.jpg,0.87,0.5630952380952381
Dataset/1751809440.jpg,0.556,0.7714285714285715
Dataset/1751809441.jpg,0.554,0.0535714285714285
Dataset/1751809442.jpg,0.244,0.5107142857142857
Dataset/1751809443.jpg,0.0133333333333333,0.5321428571428571
Dataset/1751809444.jpg,0.522,0.3738095238095238
Dataset/1751809445.jpg,0.4246666666666667,0.9357142857142856
Dataset/1751809446.jpg,0.41,0.8773809523809524
Dataset/1751809447.jpg,0.134,0.2238095238095238
Dataset/1751809448.jpg,0.0833333333333333,0.930952380952381
Dataset/1751809449.jpg,0.3586666666666667,0.0809523809523809
Dataset/1751809450.jpg,0.0906666666666666,0.7904761904761904
Dataset/1751809451.jpg,0.318,0.6583333333333333
Dataset/1751809452.jpg,0.626,0.2761904761904762
Dataset/1751809453.jpg,0.5126666666666667,0.5202380952380953
Dataset/1751809454.jpg,0.572,0.1226190476190476
Dataset/1751809455.jpg,0.476,0.069047619047619
Dataset/1751809456.jpg,0.7113333333333334,0.7583333333333333
Dataset/1751809457.jpg,0.746,0.5345238095238095
Dataset/1751809458.jpg,0.3466666666666667,0.7202380952380952
Dataset/1751809459.jpg,0.0893333333333333,0.6440476190476191
Dataset/1751809460.jpg,0.1526666666666666,0.3583333333333333
Dataset/1751809461.jpg,0.014,0.0452380952380952
Dataset/1751809462.jpg,0.282,0.8416666666666667
Dataset/1751809463.jpg,0.352,0.1452380952380952
Dataset/1751809464.jpg,0.4686666666666667,0.65
Dataset/1751809465.jpg,0.2873333333333333,0.4928571428571429
Dataset/1751809466.jpg,0.2033333333333333,0.1380952380952381
Dataset/1751809467.jpg,0.058,0.4297619047619048
Dataset/1751809468.jpg,0.4613333333333333,0.0630952380952381
Dataset/1751809469.jpg,0.0313333333333333,0.1833333333333333
Dataset/1751809470.jpg,0.5466666666666666,0.1845238095238095
Dataset/1751809471.jpg,0.2126666666666666,0.7047619047619048
Dataset/1751809472.jpg,0.48,0.5142857142857142
Dataset/1751809473.jpg,0.184,0.9416666666666668
Dataset/1751809474.jpg,0.2773333333333333,0.1619047619047619
Dataset/1751809475.jpg,0.7633333333333333,0.2642857142857143
Dataset/1751809476.jpg,0.8926666666666667,0.044047619047619
Dataset/1751809477.jpg,0.7906666666666666,0.6178571428571429
Dataset/1751809478.jpg,0.14,0.025
Dataset/1751809479.jpg,0.6,0.9714285714285714
Dataset/1751809480.jpg,0.144,0.3273809523809524
Dataset/1751809481.jpg,0.6386666666666667,0.475
Dataset/1751809482.jpg,0.1333333333333333,0.4738095238095238
Dataset/1751809483.jpg,0.426,0.3511904761904761
Dataset/1751809484.jpg,0.4973333333333333,0.0547619047619047
Dataset/1751809485.jpg,0.3186666666666666,0.4380952380952381
Dataset/1751809486.jpg,0.5206666666666667,0.8238095238095238
Dataset/1751809487.jpg,0.536,0.0416666666666666
Dataset/1751809488.jpg,0.8126666666666666,0.094047619047619
Dataset/1751809489.jpg,0.2446666666666666,0.8559523809523809
Dataset/1751809490.jpg,0.5953333333333334,0.1535714285714285
Dataset/1751809491.jpg,0.2213333333333333,0.5797619047619048
Dataset/1751809492.jpg,0.6046666666666667,0.5916666666666667
Dataset/1751809493.jpg,0.7026666666666667,0.494047619047619
Dataset/1751809494.jpg,0.9526666666666668,0.3357142857142857
Dataset/1751809495.jpg,0.2193333333333333,0.7464285714285714
Dataset/1751809496.jpg,0.162,0.0952380952380952
Dataset/1751809497.jpg,0.0546666666666666,0.4154761904761905
Dataset/1751809498.jpg,0.3546666666666667,0.2059523809523809
Dataset/1751809499.jpg,0.9493333333333334,0.5964285714285714
Dataset/1751809500.jpg,0.2046666666666666,0.905952380952381
Dataset/1751809501.jpg,0.73,0.5178571428571429
Dataset/1751809502.jpg,0.97,0.6321428571428571
Dataset/1751809503.jpg,0.9466666666666668,0.0273809523809523
Dataset/1751809504.jpg,0.2653333333333333,0.3571428571428571
Dataset/1751809505.jpg,0.98,0.7107142857142857
Dataset/1751809506.jpg,0.3833333333333333,0.6285714285714286
Dataset/1751809507.jpg,0.3993333333333333,0.5964285714285714
Dataset/1751809508.jpg,0.5333333333333333,0.6107142857142858
Dataset/1751809509.jpg,0.888,0.2630952380952381
Dataset/1751809510.jpg,0.52,0.7928571428571428
Dataset/1751809511.jpg,0.6873333333333334,0.8464285714285714
Dataset/1751809512.jpg,0.6093333333333333,0.9107142857142856
Dataset/1751809513.jpg,0.4726666666666667,0.7440476190476191
Dataset/1751809514.jpg,0.392,0.1654761904761904
Dataset/1751809515.jpg,0.844,0.5452380952380952
Dataset/1751809516.jpg,0.45,0.7238095238095238
Dataset/1751809517.jpg,0.2246666666666666,0.3583333333333333
Dataset/1751809518.jpg,0.3353333333333333,0.3047619047619048
Dataset/1751809519.jpg,0.7746666666666666,0.8202380952380952
Dataset/1751809974.jpg,0.548,0.5714285714285714
Dataset/1751809974.jpg,0.392,0.1107142857142857
Dataset/1751809975.jpg,0.6073333333333333,0.775
Dataset/1751809976.jpg,0.2506666666666666,0.5059523809523809
Dataset/1751809977.jpg,0.1266666666666666,0.5190476190476191
Dataset/1751809978.jpg,0.0326666666666666,0.8845238095238095
Dataset/1751809979.jpg,0.886,0.8202380952380952
Dataset/1751809980.jpg,0.3486666666666667,0.8083333333333333
Dataset/1751809981.jpg,0.5233333333333333,0.8523809523809524
Dataset/1751809982.jpg,0.8853333333333333,0.4297619047619048
Dataset/1751809983.jpg,0.2626666666666666,0.6666666666666666
Dataset/1751809984.jpg,0.5193333333333333,0.7702380952380953
Dataset/1751809985.jpg,0.4986666666666666,0.1428571428571428
Dataset/1751809986.jpg,0.71,0.9571428571428572
Dataset/1751809987.jpg,0.918,0.4833333333333333
Dataset/1751809988.jpg,0.244,0.6190476190476191
Dataset/1751809989.jpg,0.894,0.8083333333333333
Dataset/1751809990.jpg,0.778,0.7559523809523809
Dataset/1751809991.jpg,0.6286666666666667,0.830952380952381
Dataset/1751809992.jpg,0.282,0.1702380952380952
Dataset/1751809993.jpg,0.8766666666666667,0.4654761904761905
Dataset/1751809994.jpg,0.71,0.7297619047619047
Dataset/1751809995.jpg,0.9153333333333332,0.0666666666666666
Dataset/1751809996.jpg,0.3393333333333333,0.1833333333333333
Dataset/1751809997.jpg,0.6146666666666667,0.8761904761904762
Dataset/1751809998.jpg,0.9073333333333332,0.3714285714285714
Dataset/1751809999.jpg,0.8706666666666667,0.8392857142857143
Dataset/1751810000.jpg,0.2473333333333333,0.4845238095238095
Dataset/1751810001.jpg,0.6826666666666666,0.3904761904761905
Dataset/1751810002.jpg,0.342,0.6190476190476191
Dataset/1751810003.jpg,0.8733333333333333,0.2678571428571428
Dataset/1751810004.jpg,0.574,0.4154761904761905
Dataset/1751810005.jpg,0.024,0.3130952380952381
Dataset/1751810006.jpg,0.6493333333333333,0.1535714285714285
Dataset/1751810007.jpg,0.1246666666666666,0.8738095238095238
Dataset/1751810008.jpg,0.2753333333333333,0.3357142857142857
Dataset/1751810009.jpg,0.5646666666666667,0.1964285714285714
Dataset/1751810010.jpg,0.3246666666666666,0.4619047619047619
Dataset/1751810011.jpg,0.7753333333333333,0.1059523809523809
Dataset/1751810012.jpg,0.7473333333333333,0.8547619047619047
Dataset/1751810013.jpg,0.3826666666666666,0.9083333333333332
Dataset/1751810014.jpg,0.082,0.3523809523809524
Dataset/1751810015.jpg,0.18,0.2904761904761905
Dataset/1751810016.jpg,0.4366666666666666,0.0392857142857142
Dataset/1751810017.jpg,0.8446666666666667,0.125
Dataset/1751810018.jpg,0.702,0.669047619047619
Dataset/1751810019.jpg,0.1706666666666666,0.2238095238095238
Dataset/1751810020.jpg,0.626,0.4452380952380952
Dataset/1751810021.jpg,0.6426666666666667,0.430952380952381
Dataset/1751810022.jpg,0.0626666666666666,0.1047619047619047
Dataset/1751810023.jpg,0.212,0.6595238095238095
Dataset/1751810024.jpg,0.228,0.1702380952380952
Dataset/1751810025.jpg,0.142,0.6916666666666667
Dataset/1751810026.jpg,0.8146666666666667,0.95
Dataset/1751810027.jpg,0.2006666666666666,0.1119047619047619
Dataset/1751810028.jpg,0.5446666666666666,0.9023809523809524
Dataset/1751810029.jpg,0.1426666666666666,0.8940476190476191
Dataset/1751810030.jpg,0.6833333333333333,0.4845238095238095
Dataset/1751810031.jpg,0.0906666666666666,0.2333333333333333
Dataset/1751810032.jpg,0.44,0.0761904761904762
Dataset/1751810033.jpg,0.7153333333333334,0.2535714285714285
Dataset/1751810034.jpg,0.266,0.3964285714285714
Dataset/1751810035.jpg,0.672,0.544047619047619
Dataset/1751810036.jpg,0.4266666666666667,0.45
Dataset/1751810037.jpg,0.6313333333333333,0.4011904761904762
Dataset/1751810038.jpg,0.904,0.444047619047619
Dataset/1751810039.jpg,0.4626666666666666,0.8976190476190476
Dataset/1751810040.jpg,0.8213333333333334,0.0678571428571428
Dataset/1751810041.jpg,0.52,0.4952380952380952
Dataset/1751810042.jpg,0.928,0.8809523809523809
Dataset/1751810043.jpg,0.1466666666666666,0.8297619047619048
Dataset/1751810044.jpg,0.584,0.6130952380952381
Dataset/1751810045.jpg,0.1706666666666666,0.4583333333333333
Dataset/1751810046.jpg,0.942,0.3178571428571428
Dataset/1751810047.jpg,0.4346666666666666,0.6845238095238095
Dataset/1751810048.jpg,0.12,0.5547619047619048
Dataset/1751810049.jpg,0.0973333333333333,0.1642857142857142
Dataset/1751810050.jpg,0.0646666666666666,0.4452380952380952
Dataset/1751810051.jpg,0.6086666666666667,0.8464285714285714
Dataset/1751810052.jpg,0.8253333333333334,0.4702380952380952
Dataset/1751810053.jpg,0.2453333333333333,0.8226190476190476
Dataset/1751810054.jpg,0.3886666666666666,0.5416666666666666
Dataset/1751810055.jpg,0.78,0.0416666666666666
Dataset/1751810056.jpg,0.102,0.8833333333333333
Dataset/1751810057.jpg,0.3793333333333333,0.675
Dataset/1751810058.jpg,0.5946666666666667,0.4392857142857143
Dataset/1751810059.jpg,0.2446666666666666,0.319047619047619
Dataset/1751810060.jpg,0.228,0.3916666666666666
Dataset/1751810061.jpg,0.1686666666666666,0.0642857142857142
Dataset/1751810062.jpg,0.7426666666666667,0.1035714285714285
Dataset/1751810063.jpg,0.618,0.2797619047619047
Dataset/1751810064.jpg,0.36,0.5476190476190477
Dataset/1751810065.jpg,0.8106666666666666,0.6916666666666667
Dataset/1751810066.jpg,0.6153333333333333,0.1380952380952381
Dataset/1751810067.jpg,0.0886666666666666,0.2666666666666666
Dataset/1751810068.jpg,0.6593333333333333,0.3642857142857142
Dataset/1751810069.jpg,0.1133333333333333,0.6130952380952381
Dataset/1751810070.jpg,0.3206666666666666,0.5285714285714286
Dataset/1751810071.jpg,0.1246666666666666,0.5023809523809524
Dataset/1751810072.jpg,0.5866666666666667,0.1202380952380952
Dataset/1751810073.jpg,0.2286666666666666,0.2285714285714285
Dataset/1751810074.jpg,0.6433333333333333,0.369047619047619
Dataset/1751810075.jpg,0.964,0.2845238095238095
Dataset/1751810076.jpg,0.6606666666666666,0.8726190476190476
Dataset/1751810077.jpg,0.8386666666666667,0.5976190476190476
Dataset/1751810078.jpg,0.744,0.8357142857142857
Dataset/1751810079.jpg,0.0653333333333333,0.1047619047619047
Dataset/1751810080.jpg,0.09,0.1047619047619047
Dataset/1751810081.jpg,0.2606666666666666,0.1404761904761904
Dataset/1751810082.jpg,0.812,0.3011904761904762
Dataset/1751810083.jpg,0.896,0.5428571428571428
Dataset/1751810084.jpg,0.6993333333333334,0.6988095238095238
Dataset/1751810085.jpg,0.896,0.1297619047619047
Dataset/1751810086.jpg,0.1793333333333333,0.7511904761904762
Dataset/1751810087.jpg,0.3006666666666667,0.763095238095238
Dataset/1751810088.jpg,0.4506666666666666,0.6190476190476191
Dataset/1751810089.jpg,0.1666666666666666,0.6916666666666667
Dataset/1751810090.jpg,0.2493333333333333,0.4011904761904762
Dataset/1751810091.jpg,0.6266666666666667,0.4880952380952381
Dataset/1751810092.jpg,0.682,0.5619047619047619
Dataset/1751811523.jpg,0.2826666666666667,0.7035714285714286
Dataset/1751811524.jpg,0.29,0.1238095238095238
Dataset/1751811525.jpg,0.6726666666666666,0.3559523809523809
Dataset/1751811526.jpg,0.9346666666666666,0.6452380952380953
Dataset/1751811527.jpg,0.5606666666666666,0.0547619047619047
Dataset/1751811528.jpg,0.8426666666666667,0.4892857142857142
Dataset/1751811529.jpg,0.6286666666666667,0.3178571428571428
Dataset/1751811530.jpg,0.9126666666666666,0.7785714285714286
Dataset/1751811531.jpg,0.9313333333333332,0.3166666666666666
Dataset/1751811532.jpg,0.8473333333333334,0.5702380952380952
Dataset/1751811533.jpg,0.3686666666666666,0.9404761904761904
Dataset/1751811534.jpg,0.2393333333333333,0.269047619047619
Dataset/1751811535.jpg,0.3246666666666666,0.2488095238095238
Dataset/1751811536.jpg,0.516,0.0738095238095238
Dataset/1751811537.jpg,0.2093333333333333,0.6797619047619048
Dataset/1751811538.jpg,0.9126666666666666,0.344047619047619
Dataset/1751811539.jpg,0.38,0.2214285714285714
Dataset/1751811540.jpg,0.6533333333333333,0.0547619047619047
Dataset/1751811541.jpg,0.642,0.7595238095238095
Dataset/1751811542.jpg,0.9533333333333334,0.5571428571428572
Dataset/1751811543.jpg,0.252,0.2083333333333333
Dataset/1751811544.jpg,0.684,0.8583333333333333
Dataset/1751811545.jpg,0.8866666666666667,0.2702380952380952
Dataset/1751811546.jpg,0.496,0.6238095238095238
Dataset/1751811547.jpg,0.4966666666666666,0.3761904761904762
Dataset/1751811548.jpg,0.5633333333333334,0.1214285714285714
Dataset/1751811549.jpg,0.2386666666666666,0.6666666666666666
Dataset/1751811550.jpg,0.732,0.9452380952380952
Dataset/1751811551.jpg,0.378,0.2821428571428571
Dataset/1751811552.jpg,0.812,0.6464285714285715
Dataset/1751811553.jpg,0.7486666666666667,0.1785714285714285
Dataset/1751811554.jpg,0.454,0.4238095238095238
Dataset/1751811555.jpg,0.1113333333333333,0.7392857142857143
Dataset/1751811556.jpg,0.7006666666666667,0.8404761904761905
Dataset/1751811557.jpg,0.6513333333333333,0.4607142857142857
Dataset/1751811558.jpg,0.8626666666666667,0.6190476190476191
Dataset/1751811559.jpg,0.5806666666666667,0.919047619047619
Dataset/1751811560.jpg,0.5993333333333334,0.6416666666666667
Dataset/1751811561.jpg,0.152,0.0357142857142857
Dataset/1751811562.jpg,0.2833333333333333,0.2178571428571428
Dataset/1751811563.jpg,0.1446666666666666,0.3821428571428571
Dataset/1751811564.jpg,0.838,0.9023809523809524
Dataset/1751811565.jpg,0.2813333333333333,0.6642857142857143
Dataset/1751811566.jpg,0.628,0.0583333333333333
Dataset/1751811567.jpg,0.1906666666666666,0.1369047619047619
Dataset/1751811568.jpg,0.3806666666666666,0.9202380952380952
Dataset/1751811569.jpg,0.316,0.319047619047619
Dataset/1751811570.jpg,0.0313333333333333,0.4
Dataset/1751811571.jpg,0.1386666666666666,0.5761904761904761
Dataset/1751811572.jpg,0.8,0.3095238095238095
Dataset/1751811573.jpg,0.906,0.6166666666666667
Dataset/1751811574.jpg,0.3273333333333333,0.938095238095238
Dataset/1751811575.jpg,0.3586666666666667,0.0416666666666666
Dataset/1751811576.jpg,0.322,0.9702380952380952
Dataset/1751811577.jpg,0.378,0.3904761904761905
Dataset/1751811578.jpg,0.3493333333333333,0.4119047619047619
Dataset/1751811579.jpg,0.4173333333333333,0.4738095238095238
Dataset/1751811580.jpg,0.2673333333333333,0.0261904761904761
Dataset/1751811581.jpg,0.6153333333333333,0.1547619047619047
Dataset/1751811582.jpg,0.9553333333333334,0.1
Dataset/1751811583.jpg,0.8233333333333334,0.8416666666666667
Dataset/1751811584.jpg,0.986,0.6404761904761904
Dataset/1751811585.jpg,0.4373333333333333,0.319047619047619
Dataset/1751811586.jpg,0.1813333333333333,0.4511904761904762
Dataset/1751811587.jpg,0.9006666666666666,0.1619047619047619
Dataset/1751811588.jpg,0.6146666666666667,0.2142857142857142
Dataset/1751811589.jpg,0.0926666666666666,0.3488095238095238
Dataset/1751811590.jpg,0.4233333333333333,0.4607142857142857
Dataset/1751811591.jpg,0.722,0.6095238095238096
Dataset/1751811592.jpg,0.5086666666666667,0.7357142857142858
Dataset/1751811593.jpg,0.518,0.4869047619047619
Dataset/1751811594.jpg,0.5473333333333333,0.0988095238095238
Dataset/1751811595.jpg,0.8973333333333333,0.269047619047619
Dataset/1751811596.jpg,0.0753333333333333,0.8785714285714286
Dataset/1751811597.jpg,0.9453333333333334,0.1023809523809523
Dataset/1751811598.jpg,0.6013333333333334,0.6892857142857143
Dataset/1751811599.jpg,0.4686666666666667,0.0892857142857142
Dataset/1751811600.jpg,0.1466666666666666,0.1095238095238095
Dataset/1751811601.jpg,0.0913333333333333,0.8607142857142858
Dataset/1751811602.jpg,0.5766666666666667,0.6571428571428571
Dataset/1751811603.jpg,0.0706666666666666,0.4369047619047619
Dataset/1751811604.jpg,0.36,0.8916666666666667
Dataset/1751811605.jpg,0.232,0.6226190476190476
Dataset/1751811606.jpg,0.272,0.7130952380952381
Dataset/1751811607.jpg,0.9093333333333332,0.5214285714285715
Dataset/1751811608.jpg,0.3766666666666666,0.4523809523809524
Dataset/1751811609.jpg,0.1333333333333333,0.1083333333333333
Dataset/1751811610.jpg,0.0233333333333333,0.8273809523809523
Dataset/1751811611.jpg,0.06,0.2071428571428571
Dataset/1751811612.jpg,0.0206666666666666,0.3714285714285714
Dataset/1751811613.jpg,0.8013333333333333,0.1035714285714285
Dataset/1751811614.jpg,0.072,0.6035714285714285
Dataset/1751811615.jpg,0.832,0.2
Dataset/1751811616.jpg,0.806,0.5095238095238095
Dataset/1751811617.jpg,0.9553333333333334,0.1428571428571428
Dataset/1751811618.jpg,0.528,0.4964285714285714
Dataset/1751811619.jpg,0.6213333333333333,0.9214285714285714
Dataset/1751811620.jpg,0.2046666666666666,0.1559523809523809
Dataset/1751811621.jpg,0.588,0.3285714285714285
Dataset/1751811622.jpg,0.646,0.244047619047619
Dataset/1751811623.jpg,0.2146666666666666,0.6130952380952381
Dataset/1751811624.jpg,0.7433333333333333,0.5726190476190476
Dataset/1751811625.jpg,0.9126666666666666,0.5285714285714286
Dataset/1751811626.jpg,0.1373333333333333,0.7130952380952381
Dataset/1751811627.jpg,0.8366666666666667,0.5238095238095238
Dataset/1751811628.jpg,0.7793333333333333,0.0654761904761904
Dataset/1751811629.jpg,0.3853333333333333,0.3607142857142857
Dataset/1751811630.jpg,0.3046666666666666,0.4071428571428571
Dataset/1751811631.jpg,0.6073333333333333,0.6190476190476191
Dataset/1751811632.jpg,0.4813333333333333,0.7785714285714286
Dataset/1751811633.jpg,0.2826666666666667,0.7738095238095238
Dataset/1751811634.jpg,0.224,0.3571428571428571
Dataset/1751811635.jpg,0.8026666666666666,0.1130952380952381
Dataset/1751811636.jpg,0.6013333333333334,0.3642857142857142
Dataset/1751811637.jpg,0.218,0.6190476190476191
Dataset/1751811638.jpg,0.782,0.7654761904761904
Dataset/1751811639.jpg,0.7806666666666666,0.7678571428571429
Dataset/1751811640.jpg,0.1513333333333333,0.3023809523809523
Dataset/1751811641.jpg,0.6413333333333333,0.8023809523809524
Dataset/1751811642.jpg,0.678,0.5833333333333334
Dataset/1751814884.jpg,0.3713333333333333,0.4833333333333333
Dataset/1751814885.jpg,0.4753333333333333,0.0297619047619047
Dataset/1751814886.jpg,0.4606666666666666,0.8130952380952381
Dataset/1751814887.jpg,0.3026666666666666,0.7952380952380952
Dataset/1751814888.jpg,0.8,0.8559523809523809
Dataset/1751814889.jpg,0.614,0.144047619047619
Dataset/1751814890.jpg,0.118,0.4238095238095238
Dataset/1751814891.jpg,0.65,0.1285714285714285
Dataset/1751814892.jpg,0.9146666666666666,0.2154761904761905
Dataset/1751814893.jpg,0.6253333333333333,0.0821428571428571
Dataset/1751814894.jpg,0.4933333333333333,0.5726190476190476
Dataset/1751814895.jpg,0.7646666666666667,0.9535714285714286
Dataset/1751814896.jpg,0.6193333333333333,0.625
Dataset/1751814897.jpg,0.234,0.9107142857142856
Dataset/1751814898.jpg,0.772,0.9476190476190476
Dataset/1751814899.jpg,0.3853333333333333,0.7095238095238096
Dataset/1751814900.jpg,0.744,0.5488095238095239
Dataset/1751814901.jpg,0.762,0.6130952380952381
Dataset/1751814902.jpg,0.618,0.0892857142857142
Dataset/1751814903.jpg,0.6733333333333333,0.5773809523809523
Dataset/1751814904.jpg,0.0613333333333333,0.5369047619047619
Dataset/1751814905.jpg,0.1086666666666666,0.8797619047619047
Dataset/1751814906.jpg,0.3926666666666666,0.5321428571428571
Dataset/1751814907.jpg,0.138,0.4809523809523809
Dataset/1751814908.jpg,0.088,0.5392857142857143
Dataset/1751814909.jpg,0.8453333333333334,0.0535714285714285
Dataset/1751814910.jpg,0.2606666666666666,0.1666666666666666
Dataset/1751814911.jpg,0.508,0.875
Dataset/1751814912.jpg,0.2753333333333333,0.3154761904761904
Dataset/1751814913.jpg,0.6606666666666666,0.3178571428571428
Dataset/1751814914.jpg,0.4813333333333333,0.2988095238095238
Dataset/1751814915.jpg,0.0846666666666666,0.1916666666666666
Dataset/1751814916.jpg,0.4513333333333333,0.6273809523809524
Dataset/1751814917.jpg,0.89,0.6547619047619048
Dataset/1751814918.jpg,0.4186666666666667,0.7583333333333333
Dataset/1751814919.jpg,0.4146666666666667,0.5488095238095239
Dataset/1751814920.jpg,0.8406666666666667,0.5142857142857142
Dataset/1751814921.jpg,0.8693333333333333,0.7654761904761904
Dataset/1751814922.jpg,0.3953333333333333,0.1666666666666666
Dataset/1751814923.jpg,0.3,0.2726190476190476
Dataset/1751814924.jpg,0.1046666666666666,0.05
Dataset/1751814925.jpg,0.8,0.8904761904761904
Dataset/1751814926.jpg,0.3713333333333333,0.5035714285714286
Dataset/1751814927.jpg,0.11,0.7904761904761904
Dataset/1751814928.jpg,0.7593333333333333,0.680952380952381
Dataset/1751814929.jpg,0.5033333333333333,0.125
Dataset/1751814930.jpg,0.0906666666666666,0.4535714285714285
Dataset/1751814931.jpg,0.144,0.7404761904761905
Dataset/1751814932.jpg,0.23,0.0452380952380952
Dataset/1751814933.jpg,0.8993333333333333,0.5666666666666667
Dataset/1751814934.jpg,0.5753333333333334,0.7297619047619047
Dataset/1751814935.jpg,0.686,0.1738095238095238
Dataset/1751814936.jpg,0.2693333333333333,0.8011904761904762
Dataset/1751814937.jpg,0.67,0.4380952380952381
Dataset/1751814938.jpg,0.648,0.0535714285714285
Dataset/1751814939.jpg,0.894,0.3
Dataset/1751814940.jpg,0.8293333333333334,0.7095238095238096
Dataset/1751814941.jpg,0.6806666666666666,0.419047619047619
Dataset/1751814942.jpg,0.8326666666666667,0.9714285714285714
Dataset/1751814943.jpg,0.828,0.2059523809523809
Dataset/1751814944.jpg,0.624,0.2357142857142857
Dataset/1751814945.jpg,0.2153333333333333,0.0345238095238095
Dataset/1751814946.jpg,0.6253333333333333,0.0535714285714285
Dataset/1751814947.jpg,0.112,0.1833333333333333
Dataset/1751814948.jpg,0.73,0.0726190476190476
Dataset/1751814949.jpg,0.5406666666666666,0.2047619047619047
Dataset/1751814950.jpg,0.026,0.1142857142857142
Dataset/1751814951.jpg,0.5706666666666667,0.1642857142857142
Dataset/1751814952.jpg,0.9153333333333332,0.2488095238095238
Dataset/1751814953.jpg,0.8006666666666666,0.6095238095238096
Dataset/1751814954.jpg,0.1613333333333333,0.6476190476190476
Dataset/1751814955.jpg,0.3133333333333333,0.0702380952380952
Dataset/1751814956.jpg,0.928,0.8226190476190476
Dataset/1751814957.jpg,0.9493333333333334,0.9523809523809524
Dataset/1751814958.jpg,0.4493333333333333,0.4892857142857142
Dataset/1751814959.jpg,0.3093333333333333,0.9761904761904762
Dataset/1751814960.jpg,0.3326666666666666,0.9107142857142856
Dataset/1751814961.jpg,0.544,0.6392857142857142
Dataset/1751814962.jpg,0.476,0.9154761904761904
Dataset/1751814963.jpg,0.1086666666666666,0.4452380952380952
Dataset/1751814964.jpg,0.7053333333333334,0.9678571428571427
Dataset/1751814965.jpg,0.1926666666666666,0.1714285714285714
Dataset/1751814966.jpg,0.6746666666666666,0.2904761904761905
Dataset/1751814967.jpg,0.1186666666666666,0.5714285714285714
Dataset/1751814968.jpg,0.0706666666666666,0.2226190476190476
Dataset/1751814969.jpg,0.4273333333333333,0.5226190476190476
Dataset/1751814970.jpg,0.312,0.763095238095238
Dataset/1751814971.jpg,0.6666666666666666,0.5523809523809524
Dataset/1751814972.jpg,0.6373333333333333,0.2238095238095238
Dataset/1751814973.jpg,0.43,0.1333333333333333
Dataset/1751814974.jpg,0.262,0.2130952380952381
Dataset/1751814975.jpg,0.044,0.8404761904761905
Dataset/1751814976.jpg,0.8086666666666666,0.4595238095238095
Dataset/1751814977.jpg,0.1886666666666666,0.2023809523809523
Dataset/1751814978.jpg,0.874,0.7345238095238096
Dataset/1751814979.jpg,0.1446666666666666,0.7880952380952381
Dataset/1751814980.jpg,0.902,0.8666666666666667
Dataset/1751814981.jpg,0.1313333333333333,0.5035714285714286
Dataset/1751814982.jpg,0.606,0.4654761904761905
Dataset/1751814983.jpg,0.946,0.9571428571428572
Dataset/1751814984.jpg,0.1613333333333333,0.1404761904761904
Dataset/1751814985.jpg,0.7106666666666667,0.2845238095238095
Dataset/1751814986.jpg,0.0726666666666666,0.5892857142857143
Dataset/1751814987.jpg,0.14,0.7571428571428571
Dataset/1751814988.jpg,0.776,0.5178571428571429
Dataset/1751814989.jpg,0.3226666666666666,0.5202380952380953
Dataset/1751814990.jpg,0.232,0.9571428571428572
Dataset/1751814991.jpg,0.156,0.4238095238095238
Dataset/1751814992.jpg,0.8513333333333334,0.3642857142857142
Dataset/1751814993.jpg,0.1913333333333333,0.238095238095238
Dataset/1751814994.jpg,0.8273333333333334,0.7333333333333333
Dataset/1751814995.jpg,0.1553333333333333,0.2535714285714285
Dataset/1751814996.jpg,0.8273333333333334,0.4833333333333333
Dataset/1751814997.jpg,0.1686666666666666,0.963095238095238
Dataset/1751814998.jpg,0.326,0.9702380952380952
Dataset/1751814999.jpg,0.5506666666666666,0.3142857142857143
Dataset/1751815000.jpg,0.218,0.8416666666666667
Dataset/1751815001.jpg,0.9573333333333334,0.5416666666666666
Dataset/1751815002.jpg,0.6013333333333334,0.1952380952380952
Dataset/1751815003.jpg,0.7713333333333333,0.5107142857142857
Dataset/1751815659.jpg,0.2013333333333333,0.7916666666666666
Dataset/1751815660.jpg,0.8566666666666667,0.3630952380952381
Dataset/1751815661.jpg,0.858,0.1095238095238095
Dataset/1751815662.jpg,0.47,0.0369047619047619
Dataset/1751815663.jpg,0.1753333333333333,0.3488095238095238
Dataset/1751815664.jpg,0.0526666666666666,0.2
Dataset/1751815665.jpg,0.09,0.5357142857142857
Dataset/1751815666.jpg,0.9373333333333334,0.9654761904761904
Dataset/1751815667.jpg,0.5493333333333333,0.7452380952380953
Dataset/1751815668.jpg,0.9266666666666666,0.0464285714285714
Dataset/1751815669.jpg,0.3773333333333333,0.2654761904761905
Dataset/1751815670.jpg,0.6126666666666667,0.6011904761904762
Dataset/1751815671.jpg,0.1266666666666666,0.2857142857142857
Dataset/1751815672.jpg,0.892,0.2226190476190476
Dataset/1751815673.jpg,0.848,0.1345238095238095
Dataset/1751815674.jpg,0.724,0.5476190476190477
Dataset/1751815675.jpg,0.2966666666666667,0.2297619047619047
Dataset/1751815676.jpg,0.3393333333333333,0.9035714285714286
Dataset/1751815677.jpg,0.7786666666666666,0.5619047619047619
Dataset/1751815678.jpg,0.7493333333333333,0.3857142857142857
Dataset/1751815679.jpg,0.0673333333333333,0.4369047619047619
Dataset/1751815680.jpg,0.6446666666666667,0.4833333333333333
Dataset/1751815681.jpg,0.1233333333333333,0.951190476190476
Dataset/1751815682.jpg,0.292,0.1226190476190476
Dataset/1751815683.jpg,0.2313333333333333,0.919047619047619
Dataset/1751815684.jpg,0.0646666666666666,0.7916666666666666
Dataset/1751815685.jpg,0.2213333333333333,0.1035714285714285
Dataset/1751815686.jpg,0.7793333333333333,0.8380952380952381
Dataset/1751815687.jpg,0.3953333333333333,0.4047619047619047
Dataset/1751815688.jpg,0.728,0.1071428571428571
Dataset/1751815689.jpg,0.8613333333333333,0.5107142857142857
Dataset/1751815690.jpg,0.144,0.2011904761904762
Dataset/1751815691.jpg,0.4286666666666666,0.1559523809523809
Dataset/1751815692.jpg,0.8566666666666667,0.5011904761904762
Dataset/1751815693.jpg,0.5353333333333333,0.9011904761904762
Dataset/1751815694.jpg,0.034,0.6071428571428571
Dataset/1751815695.jpg,0.3446666666666667,0.5976190476190476
Dataset/1751815696.jpg,0.8833333333333333,0.2154761904761905
Dataset/1751815697.jpg,0.878,0.9607142857142856
Dataset/1751815698.jpg,0.9573333333333334,0.3035714285714285
Dataset/1751815699.jpg,0.412,0.1892857142857142
Dataset/1751815700.jpg,0.1,0.830952380952381
Dataset/1751815701.jpg,0.964,0.5166666666666667
Dataset/1751815702.jpg,0.5746666666666667,0.7571428571428571
Dataset/1751815703.jpg,0.2813333333333333,0.8011904761904762
Dataset/1751815704.jpg,0.2186666666666666,0.3845238095238095
Dataset/1751815705.jpg,0.5686666666666667,0.7785714285714286
Dataset/1751815706.jpg,0.3013333333333333,0.6702380952380952
Dataset/1751815707.jpg,0.91,0.0928571428571428
Dataset/1751815708.jpg,0.9313333333333332,0.6571428571428571
Dataset/1751815709.jpg,0.0873333333333333,0.7333333333333333
Dataset/1751815710.jpg,0.03,0.1571428571428571
Dataset/1751815711.jpg,0.1606666666666666,0.1726190476190476
Dataset/1751815712.jpg,0.15,0.6523809523809524
Dataset/1751815713.jpg,0.3653333333333333,0.3904761904761905
Dataset/1751815714.jpg,0.86,0.2023809523809523
Dataset/1751815715.jpg,0.2853333333333333,0.9547619047619048
Dataset/1751815716.jpg,0.5513333333333333,0.5404761904761904
Dataset/1751815717.jpg,0.4166666666666667,0.8428571428571429
Dataset/1751815718.jpg,0.5786666666666667,0.3511904761904761
Dataset/1751815719.jpg,0.9013333333333332,0.5095238095238095
Dataset/1751815720.jpg,0.5293333333333333,0.9285714285714286
Dataset/1751815721.jpg,0.5253333333333333,0.044047619047619
Dataset/1751815722.jpg,0.2326666666666666,0.3857142857142857
Dataset/1751815723.jpg,0.6373333333333333,0.8642857142857143
Dataset/1751815724.jpg,0.9286666666666666,0.8071428571428572
Dataset/1751815725.jpg,0.212,0.8964285714285715
Dataset/1751815726.jpg,0.454,0.8119047619047619
Dataset/1751815727.jpg,0.8566666666666667,0.8380952380952381
Dataset/1751815728.jpg,0.4813333333333333,0.3297619047619047
Dataset/1751815729.jpg,0.2226666666666666,0.8464285714285714
Dataset/1751815730.jpg,0.7926666666666666,0.8142857142857143
Dataset/1751815731.jpg,0.9186666666666666,0.7119047619047619
Dataset/1751815732.jpg,0.218,0.444047619047619
Dataset/1751815733.jpg,0.2066666666666666,0.3892857142857143
Dataset/1751815734.jpg,0.9006666666666666,0.7392857142857143
Dataset/1751815735.jpg,0.4526666666666666,0.719047619047619
Dataset/1751815736.jpg,0.8886666666666667,0.294047619047619
Dataset/1751815737.jpg,0.2346666666666666,0.7309523809523809
Dataset/1751815738.jpg,0.548,0.675
Dataset/1751815739.jpg,0.6353333333333333,0.2345238095238095
Dataset/1751815740.jpg,0.212,0.1928571428571428
Dataset/1751815741.jpg,0.3673333333333333,0.1059523809523809
Dataset/1751815742.jpg,0.7673333333333333,0.4630952380952381
Dataset/1751815743.jpg,0.7766666666666666,0.7083333333333334
Dataset/1751815744.jpg,0.3,0.913095238095238
Dataset/1751815745.jpg,0.5806666666666667,0.6214285714285714
Dataset/1751815746.jpg,0.342,0.4023809523809524
Dataset/1751815747.jpg,0.2506666666666666,0.1916666666666666
Dataset/1751815748.jpg,0.8153333333333334,0.65
Dataset/1751815749.jpg,0.0906666666666666,0.8976190476190476
Dataset/1751815750.jpg,0.5473333333333333,0.7404761904761905
Dataset/1751815751.jpg,0.9033333333333332,0.1773809523809524
Dataset/1751815752.jpg,0.4153333333333333,0.5738095238095238
Dataset/1751815753.jpg,0.6973333333333334,0.044047619047619
Dataset/1751815754.jpg,0.2933333333333333,0.8714285714285714
Dataset/1751815755.jpg,0.276,0.2607142857142857
Dataset/1751815756.jpg,0.0693333333333333,0.1845238095238095
Dataset/1751815757.jpg,0.6953333333333334,0.494047619047619
Dataset/1751815758.jpg,0.87,0.6142857142857143
Dataset/1751815759.jpg,0.57,0.7916666666666666
Dataset/1751815760.jpg,0.6133333333333333,0.55
Dataset/1751815761.jpg,0.8313333333333334,0.2226190476190476
Dataset/1751815762.jpg,0.1293333333333333,0.8416666666666667
Dataset/1751815763.jpg,0.3413333333333333,0.2309523809523809
Dataset/1751815764.jpg,0.484,0.4964285714285714
Dataset/1751815765.jpg,0.954,0.9404761904761904
Dataset/1751815766.jpg,0.9393333333333334,0.3964285714285714
Dataset/1751815767.jpg,0.4106666666666667,0.2642857142857143
Dataset/1751815768.jpg,0.2786666666666667,0.655952380952381
Dataset/1751815769.jpg,0.338,0.6642857142857143
Dataset/1751815770.jpg,0.36,0.2797619047619047
Dataset/1751815771.jpg,0.2406666666666666,0.0273809523809523
Dataset/1751815772.jpg,0.1173333333333333,0.655952380952381
Dataset/1751815773.jpg,0.7846666666666666,0.8345238095238096
Dataset/1751815774.jpg,0.8673333333333333,0.0559523809523809
Dataset/1751815775.jpg,0.064,0.8476190476190476
Dataset/1751815776.jpg,0.048,0.2869047619047619
Dataset/1751815777.jpg,0.5753333333333334,0.5345238095238095
Dataset/1751815778.jpg,0.734,0.4654761904761905
Dataset/1751908217.jpg,0.762,0.5773809523809523
Dataset/1751908218.jpg,0.808,0.3595238095238095
Dataset/1751908219.jpg,0.3473333333333333,0.394047619047619
Dataset/1751908220.jpg,0.942,0.6583333333333333
Dataset/1751908221.jpg,0.612,0.7976190476190477
Dataset/1751908222.jpg,0.118,0.9297619047619048
Dataset/1751908223.jpg,0.8933333333333333,0.4059523809523809
Dataset/1751908224.jpg,0.6073333333333333,0.775
Dataset/1751908225.jpg,0.1193333333333333,0.3726190476190476
Dataset/1751908226.jpg,0.8726666666666667,0.2226190476190476
Dataset/1751908227.jpg,0.3033333333333333,0.8035714285714286
Dataset/1751908228.jpg,0.4013333333333333,0.7261904761904762
Dataset/1751908229.jpg,0.1446666666666666,0.0714285714285714
Dataset/1751908230.jpg,0.6253333333333333,0.8476190476190476
Dataset/1751908231.jpg,0.6006666666666667,0.3416666666666667
Dataset/1751908232.jpg,0.538,0.3642857142857142
Dataset/1751908233.jpg,0.9866666666666668,0.7214285714285714
Dataset/1751908234.jpg,0.4866666666666667,0.2583333333333333
Dataset/1751908235.jpg,0.714,0.1142857142857142
Dataset/1751908236.jpg,0.5946666666666667,0.5869047619047619
Dataset/1751908237.jpg,0.9586666666666668,0.5976190476190476
Dataset/1751908238.jpg,0.8426666666666667,0.7083333333333334
Dataset/1751908239.jpg,0.5473333333333333,0.2404761904761904
Dataset/1751908240.jpg,0.5413333333333333,0.9654761904761904
Dataset/1751908241.jpg,0.1206666666666666,0.3404761904761905
Dataset/1751908242.jpg,0.4966666666666666,0.0797619047619047
Dataset/1751908243.jpg,0.8453333333333334,0.5273809523809524
Dataset/1751908244.jpg,0.718,0.0369047619047619
Dataset/1751908245.jpg,0.284,0.0619047619047619
Dataset/1751908246.jpg,0.4733333333333333,0.9654761904761904
Dataset/1751908247.jpg,0.2866666666666667,0.1630952380952381
Dataset/1751908248.jpg,0.474,0.7904761904761904
Dataset/1751908249.jpg,0.2933333333333333,0.569047619047619
Dataset/1751908250.jpg,0.3826666666666666,0.1202380952380952
Dataset/1751908251.jpg,0.6253333333333333,0.925
Dataset/1751908252.jpg,0.1533333333333333,0.4035714285714286
Dataset/1751908253.jpg,0.6093333333333333,0.1261904761904762
Dataset/1751908254.jpg,0.5946666666666667,0.7202380952380952
Dataset/1751908255.jpg,0.746,0.319047619047619
Dataset/1751908256.jpg,0.4466666666666666,0.4535714285714285
Dataset/1751908257.jpg,0.3713333333333333,0.875
Dataset/1751908258.jpg,0.4813333333333333,0.8654761904761905
Dataset/1751908259.jpg,0.4466666666666666,0.5142857142857142
Dataset/1751908260.jpg,0.284,0.8035714285714286
Dataset/1751908261.jpg,0.3106666666666666,0.7619047619047619
Dataset/1751908262.jpg,0.916,0.923809523809524
Dataset/1751908263.jpg,0.5866666666666667,0.3285714285714285
Dataset/1751908264.jpg,0.4913333333333333,0.9595238095238096
Dataset/1751908265.jpg,0.3466666666666667,0.2761904761904762
Dataset/1751908266.jpg,0.774,0.8369047619047619
Dataset/1751908267.jpg,0.4793333333333333,0.4142857142857143
Dataset/1751908268.jpg,0.93,0.1297619047619047
Dataset/1751908269.jpg,0.7006666666666667,0.6988095238095238
Dataset/1751908270.jpg,0.8486666666666667,0.4047619047619047
Dataset/1751908271.jpg,0.4466666666666666,0.6976190476190476
Dataset/1751908272.jpg,0.872,0.6880952380952381
Dataset/1751908273.jpg,0.176,0.2285714285714285
Dataset/1751908274.jpg,0.3086666666666666,0.4
Dataset/1751908275.jpg,0.4766666666666667,0.094047619047619
Dataset/1751908276.jpg,0.876,0.513095238095238
Dataset/1751908277.jpg,0.6933333333333334,0.638095238095238
Dataset/1751908278.jpg,0.626,0.1761904761904762
Dataset/1751908279.jpg,0.124,0.8833333333333333
Dataset/1751908280.jpg,0.1273333333333333,0.875
Dataset/1751908281.jpg,0.2073333333333333,0.3964285714285714
Dataset/1751908282.jpg,0.022,0.4821428571428571
Dataset/1751908283.jpg,0.378,0.6738095238095239
Dataset/1751908284.jpg,0.192,0.3559523809523809
Dataset/1751908285.jpg,0.5973333333333334,0.6976190476190476
Dataset/1751908286.jpg,0.742,0.569047619047619
Dataset/1751908287.jpg,0.3753333333333333,0.0738095238095238
Dataset/1751908288.jpg,0.5753333333333334,0.5345238095238095
Dataset/1751908289.jpg,0.9346666666666666,0.4464285714285714
Dataset/1751908290.jpg,0.3886666666666666,0.1452380952380952
Dataset/1751908291.jpg,0.4253333333333333,0.4785714285714286
Dataset/1751908292.jpg,0.81,0.888095238095238
Dataset/1751908293.jpg,0.3,0.7678571428571429
Dataset/1751908294.jpg,0.684,0.2952380952380952
Dataset/1751908295.jpg,0.3493333333333333,0.3809523809523809
Dataset/1751908296.jpg,0.77,0.8035714285714286
Dataset/1751908297.jpg,0.7846666666666666,0.7154761904761905
Dataset/1751908298.jpg,0.4166666666666667,0.3428571428571428
Dataset/1751908299.jpg,0.8586666666666667,0.0571428571428571
Dataset/1751908300.jpg,0.856,0.5511904761904762
Dataset/1751908301.jpg,0.8933333333333333,0.5880952380952381
Dataset/1751908302.jpg,0.3573333333333333,0.8928571428571429
Dataset/1751908303.jpg,0.644,0.5095238095238095
Dataset/1751908304.jpg,0.2873333333333333,0.9571428571428572
Dataset/1751908305.jpg,0.9513333333333334,0.5202380952380953
Dataset/1751908306.jpg,0.9713333333333334,0.1142857142857142
Dataset/1751908307.jpg,0.3466666666666667,0.861904761904762
Dataset/1751908308.jpg,0.8313333333333334,0.9047619047619048
Dataset/1751908309.jpg,0.5653333333333334,0.6488095238095238
Dataset/1751908310.jpg,0.4446666666666666,0.5369047619047619
Dataset/1751908311.jpg,0.848,0.0845238095238095
Dataset/1751908312.jpg,0.0966666666666666,0.1547619047619047
Dataset/1751908313.jpg,0.522,0.9333333333333332
Dataset/1751908314.jpg,0.6766666666666666,0.9428571428571428
Dataset/1751908315.jpg,0.5993333333333334,0.9178571428571428
Dataset/1751908316.jpg,0.84,0.6321428571428571
Dataset/1751908317.jpg,0.838,0.4071428571428571
Dataset/1751908318.jpg,0.72,0.9261904761904762
Dataset/1751908319.jpg,0.9853333333333332,0.9535714285714286
Dataset/1751908320.jpg,0.412,0.1178571428571428
Dataset/1751908321.jpg,0.796,0.7011904761904761
Dataset/1751908322.jpg,0.5366666666666666,0.4345238095238095
Dataset/1751908323.jpg,0.3893333333333333,0.0964285714285714
Dataset/1751908324.jpg,0.6746666666666666,0.2928571428571428
Dataset/1751908325.jpg,0.718,0.7583333333333333
Dataset/1751908326.jpg,0.8073333333333333,0.6988095238095238
Dataset/1751908327.jpg,0.0306666666666666,0.2511904761904762
Dataset/1751908328.jpg,0.63,0.763095238095238
Dataset/1751908329.jpg,0.306,0.5226190476190476
Dataset/1751908330.jpg,0.016,0.4476190476190476
Dataset/1751908331.jpg,0.092,0.344047619047619
Dataset/1751908332.jpg,0.068,0.7595238095238095
Dataset/1751908333.jpg,0.6066666666666667,0.1357142857142857
Dataset/1751908334.jpg,0.3546666666666667,0.3630952380952381
Dataset/1751908335.jpg,0.4206666666666667,0.2928571428571428
Dataset/1751908336.jpg,0.474,0.6107142857142858
Dataset/1751908372.jpg,0.362,0.18214285714285713
Dataset/1751908373.jpg,0.538,0.6607142857142857
Dataset/1751908374.jpg,0.54,0.580952380952381
Dataset/1751908375.jpg,0.4786666666666667,0.9142857142857143
Dataset/1751908376.jpg,0.24666666666666667,0.4845238095238095
Dataset/1751908377.jpg,0.734,0.8297619047619048
Dataset/1751908378.jpg,0.13666666666666666,0.9238095238095239
Dataset/1751908379.jpg,0.4593333333333333,0.8642857142857143
Dataset/1751908380.jpg,0.042,0.7845238095238095
Dataset/1751908381.jpg,0.7553333333333333,0.12261904761904761
Dataset/1751908382.jpg,0.5273333333333333,0.8428571428571429
Dataset/1751908383.jpg,0.5573333333333333,0.7273809523809524
Dataset/1751908384.jpg,0.198,0.13333333333333333
Dataset/1751908385.jpg,0.58,0.6202380952380953
Dataset/1751908386.jpg,0.382,0.944047619047619
Dataset/1751908387.jpg,0.35733333333333334,0.6654761904761904
Dataset/1751908388.jpg,0.07666666666666666,0.17857142857142858
Dataset/1751908389.jpg,0.8513333333333334,0.305952380952381
Dataset/1751908390.jpg,0.24733333333333332,0.530952380952381
Dataset/1751908391.jpg,0.21066666666666667,0.65
Dataset/1751908392.jpg,0.2853333333333333,0.7404761904761905
Dataset/1751908393.jpg,0.272,0.7797619047619048
Dataset/1751908394.jpg,0.7893333333333333,0.8285714285714286
Dataset/1751908395.jpg,0.37466666666666665,0.0630952380952381
Dataset/1751908396.jpg,0.3953333333333333,0.36904761904761907
Dataset/1751908397.jpg,0.706,0.8726190476190476
Dataset/1751908398.jpg,0.668,0.23214285714285715
Dataset/1751908399.jpg,0.9806666666666667,0.7702380952380953
Dataset/1751908400.jpg,0.49,0.2630952380952381
Dataset/1751908401.jpg,0.6553333333333333,0.058333333333333334
Dataset/1751908402.jpg,0.834,0.8714285714285714
Dataset/1751908403.jpg,0.16266666666666665,0.5654761904761905
Dataset/1751908404.jpg,0.358,0.6797619047619048
Dataset/1751908405.jpg,0.5733333333333334,0.35
Dataset/1751908406.jpg,0.4033333333333333,0.5607142857142857
Dataset/1751908407.jpg,0.9453333333333334,0.8071428571428572
Dataset/1751908408.jpg,0.846,0.9583333333333334
Dataset/1751908409.jpg,0.9053333333333333,0.21904761904761905
Dataset/1751908410.jpg,0.5086666666666667,0.13690476190476192
Dataset/1751908411.jpg,0.57,0.3976190476190476
Dataset/1751908412.jpg,0.5006666666666667,0.4654761904761905
Dataset/1751908413.jpg,0.11133333333333334,0.944047619047619
Dataset/1751908414.jpg,0.2853333333333333,0.49523809523809526
Dataset/1751908415.jpg,0.928,0.26071428571428573
Dataset/1751908416.jpg,0.20666666666666667,0.09166666666666666
Dataset/1751908417.jpg,0.7926666666666666,0.08333333333333333
Dataset/1751908418.jpg,0.22266666666666668,0.9273809523809524
Dataset/1751908419.jpg,0.08733333333333333,0.4452380952380952
Dataset/1751908420.jpg,0.16533333333333333,0.10119047619047619
Dataset/1751908421.jpg,0.06066666666666667,0.5857142857142857
Dataset/1751908422.jpg,0.043333333333333335,0.6488095238095238
Dataset/1751908423.jpg,0.31266666666666665,0.944047619047619
Dataset/1751908424.jpg,0.542,0.763095238095238
Dataset/1751908425.jpg,0.9053333333333333,0.45357142857142857
Dataset/1751908426.jpg,0.30333333333333334,0.513095238095238
Dataset/1751908427.jpg,0.952,0.8095238095238095
Dataset/1751908428.jpg,0.8513333333333334,0.27976190476190477
Dataset/1751908429.jpg,0.8906666666666667,0.7738095238095238
Dataset/1751908430.jpg,0.858,0.5142857142857142
Dataset/1751908431.jpg,0.23333333333333334,0.85
Dataset/1751908432.jpg,0.8753333333333333,0.6880952380952381
Dataset/1751908433.jpg,0.5826666666666667,0.9416666666666667
Dataset/1751908434.jpg,0.502,0.7964285714285714
Dataset/1751908435.jpg,0.5666666666666667,0.7988095238095239
Dataset/1751908436.jpg,0.356,0.38095238095238093
Dataset/1751908437.jpg,0.338,0.9714285714285714
Dataset/1751908438.jpg,0.788,0.8130952380952381
Dataset/1751908439.jpg,0.512,0.6976190476190476
Dataset/1751908440.jpg,0.6713333333333333,0.4773809523809524
Dataset/1751908441.jpg,0.5006666666666667,0.17142857142857143
Dataset/1751908442.jpg,0.42333333333333334,0.19523809523809524
Dataset/1751908443.jpg,0.10733333333333334,0.3547619047619048
Dataset/1751908444.jpg,0.6986666666666667,0.2488095238095238
Dataset/1751908445.jpg,0.41333333333333333,0.4261904761904762
Dataset/1751908446.jpg,0.446,0.2916666666666667
Dataset/1751908447.jpg,0.9786666666666667,0.3333333333333333
Dataset/1751908448.jpg,0.6886666666666666,0.3488095238095238
Dataset/1751908449.jpg,0.482,0.4928571428571429
Dataset/1751908450.jpg,0.35933333333333334,0.5285714285714286
Dataset/1751908451.jpg,0.5513333333333333,0.8297619047619048
Dataset/1751908452.jpg,0.19,0.9428571428571428
Dataset/1751908453.jpg,0.7533333333333333,0.9285714285714286
Dataset/1751908454.jpg,0.25533333333333336,0.22976190476190475
Dataset/1751908455.jpg,0.786,0.5654761904761905
Dataset/1751908456.jpg,0.856,0.38571428571428573
Dataset/1751908457.jpg,0.308,0.20714285714285716
Dataset/1751908458.jpg,0.5086666666666667,0.1738095238095238
Dataset/1751908459.jpg,0.024,0.5488095238095239
Dataset/1751908460.jpg,0.26266666666666666,0.02619047619047619
Dataset/1751908461.jpg,0.302,0.1773809523809524
Dataset/1751908462.jpg,0.36533333333333334,0.5619047619047619
Dataset/1751908463.jpg,0.382,0.3678571428571429
Dataset/1751908464.jpg,0.29133333333333333,0.5547619047619048
Dataset/1751908465.jpg,0.918,0.5273809523809524
Dataset/1751908466.jpg,0.044,0.8654761904761905
Dataset/1751908467.jpg,0.128,0.8821428571428571
Dataset/1751908468.jpg,0.796,0.18452380952380953
Dataset/1751908469.jpg,0.6466666666666666,0.3619047619047619
Dataset/1751908470.jpg,0.32666666666666666,0.9404761904761905
Dataset/1751908471.jpg,0.36533333333333334,0.43214285714285716
Dataset/1751908472.jpg,0.30333333333333334,0.4166666666666667
Dataset/1751908473.jpg,0.6666666666666666,0.7261904761904762
Dataset/1751908474.jpg,0.8346666666666667,0.047619047619047616
Dataset/1751908475.jpg,0.4086666666666667,0.85
Dataset/1751908476.jpg,0.124,0.8607142857142858
Dataset/1751908477.jpg,0.8393333333333334,0.6083333333333333
Dataset/1751908478.jpg,0.04066666666666666,0.030952380952380953
Dataset/1751908479.jpg,0.338,0.39404761904761904
Dataset/1751908480.jpg,0.102,0.8630952380952381
Dataset/1751908481.jpg,0.39866666666666667,0.11071428571428571
Dataset/1751908482.jpg,0.13533333333333333,0.6285714285714286
Dataset/1751908483.jpg,0.37733333333333335,0.17023809523809524
Dataset/1751908484.jpg,0.19133333333333333,0.47619047619047616
Dataset/1751908485.jpg,0.3466666666666667,0.08571428571428572
Dataset/1751908486.jpg,0.43333333333333335,0.5571428571428572
Dataset/1751908487.jpg,0.03,0.6142857142857143
Dataset/1751908488.jpg,0.394,0.6321428571428571
Dataset/1751908489.jpg,0.092,0.41904761904761906
Dataset/1751908490.jpg,0.33466666666666667,0.9380952380952381
Dataset/1751908491.jpg,0.7833333333333333,0.15476190476190477
